country,date,CO2_emissions,GDP,Population,Energy_use,Urbanization_rate,Renewable_elec_output
Australia,2015,385782.4,1351768945139.11,23815995.0,5483.81640154023,85.701,13.6378410946741
Australia,2014,379267.2,1468597690006.22,23475686.0,5334.68167873774,85.602,14.9067122095833
Australia,2013,388427.4,1577301840200.01,23128129.0,5468.39136879598,85.502,13.2641083883167
Australia,2012,395690.0,1547649835732.89,22733465.0,5575.28709327857,85.402,10.5926533603071
Australia,2011,394436.7,1398701323029.63,22340024.0,5745.23218954465,85.3,10.4266522781963
Australia,2010,395993.2,1148890200292.42,22031750.0,5793.11602573559,85.182,8.61187962842023
Australia,2009,393859.7,928762122698.05,21691653.0,5862.5646464103,85.063,7.49793425905399
Australia,2008,387570.3,1056112427190.38,21249199.0,5964.66605635347,84.943,8.11525755637195
Australia,2007,384368.3,855007458585.224,20827622.0,5868.34089844726,84.822,8.64807246716794
Australia,2006,374104.4,748417562769.636,20450966.0,5778.28181808136,84.7,9.2993077726263
Australia,2005,368801.9,695692898676.56,20176844.0,5624.19201932671,84.582,8.80370663945662
Australia,2004,366141.6,614659980082.515,19932722.0,5652.7633305677,84.463,8.1866501908305
Australia,2003,352893.5,467739079790.332,19720737.0,5618.08648429316,84.343,8.44069886574851
Australia,2002,353315.8,395788696012.059,19495210.0,5614.26334981772,84.222,7.86091882240146
Australia,2001,345609.4,379629301675.108,19274701.0,5486.05610016985,84.1,8.09845495284596
Australia,2000,339422.8,416167815092.908,19028802.0,5680.90287554624,84.235,8.3816185720276
Australia,1999,333677.7,389652212056.649,18812264.0,5644.26397588297,84.37,8.54405358817839
Australia,1998,327536.9,399674421759.479,18607584.0,5584.51919389427,84.503,8.4340500156395
Australia,1997,307778.5,435642611296.586,18423037.0,5497.49658538926,84.636,9.58767572659215
Australia,1996,300180.4,401341880620.728,18224767.0,5419.10110565474,84.767,9.22972782400226
Australia,1995,290141.5,368166023166.023,18004882.0,5148.3442101981,84.898,9.62414281994155
Australia,1994,280096.3,322802490487.721,17805468.0,5103.9479557628,85.028,10.1944738557986
Australia,1993,273016.9,312128302417.088,17634808.0,5156.93337857719,85.157,10.549143571271
Australia,1992,268366.5,325518458076.533,17478635.0,4963.85816169283,85.285,10.066865251436
Australia,1991,264709.7,325966686052.581,17284036.0,4927.77132609536,85.403,10.598201052793
Australia,1990,263437.5,311420509067.628,17065128.0,5061.50015399826,85.433,9.65603064418908
Austria,2015,63254.7,381971148530.543,8642699.0,3800.29942035468,57.715,76.4907792691417
Austria,2014,62054.5,442584815286.034,8546356.0,3763.3279025587,57.526,81.0568683458842
Austria,2013,65752.7,430190979705.962,8479823.0,3919.04441873374,57.336,78.0247869868319
Austria,2012,65112.0,409401816050.531,8429991.0,3886.76773201774,57.147,74.5291806141755
Austria,2011,68276.0,431685217367.511,8391643.0,3921.90051459529,57.115,65.6314234326824
Austria,2010,69965.1,392275107258.667,8363404.0,4051.19602018508,57.399,66.2113227544381
Austria,2009,64420.7,401758735822.211,8343323.0,3798.15116830548,57.683,71.1396947946197
Austria,2008,70734.7,432051935642.945,8321496.0,4032.14842619644,57.966,69.2308884377567
Austria,2007,71248.0,389185571506.052,8295487.0,4019.59016993216,58.249,68.6870289567632
Austria,2006,74104.4,336280064332.411,8268641.0,4078.81222561241,58.532,65.5155251581415
Austria,2005,76242.4,316092273276.015,8227829.0,4085.56765095628,58.813,63.6267774900368
Austria,2004,75802.1,301457562038.541,8171966.0,4007.56990423112,59.094,64.2022341318525
Austria,2003,74467.9,262273631180.054,8121423.0,3973.6243266728,59.375,60.7828287174897
Austria,2002,69374.2,214394866675.24,8081957.0,3773.65172816435,59.655,69.0129476493263
Austria,2001,67914.4,197508773215.323,8042293.0,3758.45756925295,59.934,69.1568277465734
Austria,2000,63538.6,197289625479.906,8011566.0,3570.49882632185,60.213,72.5440090857467
Austria,1999,63055.1,217259147049.954,7992324.0,3591.8094661828,60.491,70.6789505307431
Austria,1998,64673.1,218259904401.956,7976789.0,3606.61037918892,60.768,69.810409586836
Austria,1997,64224.1,212790348404.555,7968041.0,3550.40417086207,61.045,67.9159558229326
Austria,1996,64902.9,237250948791.266,7959017.0,3580.42079819656,61.32,66.8047933699182
Austria,1995,61186.4,241038283062.645,7948278.0,3373.60356545154,61.596,70.5063612309254
Austria,1994,58288.2,203535242741.838,7936118.0,3234.49298510934,61.87,70.8027096006601
Austria,1993,57804.0,190379720809.18,7905633.0,3255.78470440001,62.144,74.067080648615
Austria,1992,57668.0,195078126721.763,7840709.0,3245.59207592069,62.417,72.3963235146879
Austria,1991,62423.2,173794177961.108,7754891.0,3415.17308238117,62.689,65.0624738446822
Austria,1990,58275.7,166463386179.354,7677850.0,3240.1113592998,62.96,66.2021259331386
Belgium,2015,95096.0,462335574841.484,11274196.0,4687.7870492938,97.876,20.8000230056939
Belgium,2014,90362.4,535390200131.018,11209057.0,4708.22121789549,97.833,17.0806411009482
Belgium,2013,96550.6,521791015247.06,11159407.0,4997.46330606994,97.789,14.2093861058371
Belgium,2012,95275.6,496152879924.727,11106932.0,4845.48829505754,97.744,12.8128790384827
Belgium,2011,96488.2,523330354138.133,11038264.0,5092.31614681439,97.698,9.41087918754353
Belgium,2010,106872.8,481420882905.001,10895586.0,5539.47222297176,97.651,6.92080611298797
Belgium,2009,99904.4,483254171097.812,10796493.0,5196.58198268641,97.603,6.05638821459591
Belgium,2008,106715.4,517328087920.078,10709973.0,5454.66715929162,97.555,5.2857638515009
Belgium,2007,103905.8,470922156309.453,10625700.0,5336.96321183546,97.505,3.98272552783109
Belgium,2006,108081.5,408259840868.823,10547958.0,5470.49182410472,97.454,3.49978659837815
Belgium,2005,110960.2,385714762230.039,10478617.0,5555.61578402951,97.403,2.457151524344
Belgium,2004,113350.8,369214712443.206,10421137.0,5592.98874969209,97.35,1.77468495489194
Belgium,2003,115502.1,318082528506.588,10376133.0,5590.02597595848,97.296,1.42650279436579
Belgium,2002,110850.2,258383599375.177,10332785.0,5390.71973335359,97.241,1.40599710893389
Belgium,2001,118339.8,236746141604.37,10286570.0,5634.21548679492,97.186,1.36737133989672
Belgium,2000,117274.6,236792460312.471,10251250.0,5669.35817583222,97.129,1.26128085245189
Belgium,1999,115514.5,258245733221.468,10226419.0,5612.71467558683,97.065,1.01960031667586
Belgium,1998,119412.8,258528339631.029,10203008.0,5603.16026411035,96.996,0.924763935424916
Belgium,1997,116634.7,252708051420.839,10181245.0,5523.45916437528,96.924,0.755191944619257
Belgium,1996,119448.4,279201433224.756,10156637.0,5536.47127489148,96.851,0.746626207777689
Belgium,1995,114568.7,288025588396.278,10136811.0,5267.67067078591,96.777,0.908645736982426
Belgium,1994,114901.4,244884129491.198,10115603.0,5186.18662673891,96.7,0.841031104133668
Belgium,1993,110108.3,224721795708.955,10084475.0,4902.26997439133,96.622,0.723582805274876
Belgium,1992,112329.3,234781652446.675,10045158.0,5040.67044042513,96.542,0.864024646408066
Belgium,1991,113960.1,210510999409.333,10004486.0,5006.00470628876,96.461,0.752957042115023
Belgium,1990,109312.6,205331747947.851,9967379.0,4809.86726801499,96.377,0.789563534968417
Canada,2015,558747.2,1556508816217.14,35704498.0,7631.00172981006,81.259,63.011450040254
Canada,2014,561760.5,1805749878439.94,35434066.0,7898.60652740219,81.218,62.8249922157553
Canada,2013,555742.4,1846597421834.98,35080992.0,7744.15883108437,81.178,63.2980330554908
Canada,2012,546291.6,1828366481521.6,34713395.0,7733.59589288227,81.137,63.230561170877
Canada,2011,549369.9,1793326630174.52,34339221.0,7911.57924054247,81.096,62.3382501312229
Canada,2010,537091.5,1617343367486.26,34005902.0,7788.32877304651,80.937,61.396756842691
Canada,2009,521399.4,1374625142157.29,33630069.0,7796.84894491296,80.758,62.8503473332841
Canada,2008,550553.2,1552989690721.65,33247298.0,8194.83640445007,80.578,61.472527402962
Canada,2007,571632.0,1468820407783.26,32888886.0,8213.42425523321,80.396,60.2962722574056
Canada,2006,540525.6,1319264809590.97,32571193.0,8239.94156431421,80.213,59.5442882203545
Canada,2005,549032.7,1173108598778.68,32242732.0,8422.3010010442,80.122,60.0294267425595
Canada,2004,536417.3,1026690238278.25,31938807.0,8456.03625708374,80.045,58.4463170880115
Canada,2003,544541.8,895540646634.787,31642461.0,8341.75622433413,79.967,58.915564963989
Canada,2002,524353.4,760649334098.005,31359199.0,7994.10370781473,79.888,59.8864192109229
Canada,2001,506615.9,738981792355.372,31020855.0,8056.361631554,79.81,58.0326562447014
Canada,2000,514215.1,744773415931.587,30685730.0,8265.07992477285,79.478,60.6003011908929
Canada,1999,494278.5,678412196271.118,30401286.0,8107.51515577335,79.103,61.1837048424289
Canada,1998,484791.8,634000000000.0,30155173.0,7948.39727830446,78.724,60.4060543150615
Canada,1997,476815.9,654986999855.554,29905948.0,8056.24362752186,78.34,62.3509414225941
Canada,1996,461700.7,630607994132.747,29610218.0,8053.45485804934,77.951,63.1060742256021
Canada,1995,448046.0,605961090061.207,29302311.0,7979.89844555264,77.675,61.0040981776948
Canada,1994,436764.6,579944346807.264,29000663.0,7957.24563262571,77.414,60.4004513445858
Canada,1993,422047.8,579053561739.4,28684764.0,7770.54644758451,77.152,61.7223279842591
Canada,1992,426367.3,594387358318.855,28371264.0,7601.68517694524,76.887,61.6792144214931
Canada,1991,413298.6,612527712315.615,28037420.0,7517.33030357287,76.62,61.4104129913602
Canada,1990,419492.2,596075591360.987,27691138.0,7630.09230606557,76.582,62.3787188226728
Chile,2015,82260.4,242450355827.827,17870124.0,2016.68746115024,87.36,43.6043349649144
Chile,2014,76560.3,259560978231.552,17687108.0,2041.19322390071,87.303,42.4070089148478
Chile,2013,82998.5,277395018837.366,17509925.0,2209.86000796691,87.246,35.6668719633203
Chile,2012,78412.6,267024782480.28,17341771.0,2145.52198849818,87.189,36.4453556221416
Chile,2011,76470.5,251382573885.594,17173573.0,1957.05232685126,87.132,39.596426886613
Chile,2010,69749.1,217051209240.298,17004162.0,1814.12209551991,87.074,40.2025349968561
Chile,2009,65450.6,171777900623.177,16833447.0,1753.80597925071,87.017,48.8274431013471
Chile,2008,67991.6,179894594475.98,16661462.0,1820.30610519053,86.959,45.7490285408013
Chile,2007,64574.0,172491076033.863,16495538.0,1856.39734817985,86.9,44.1555999931634
Chile,2006,57148.1,153843518171.43,16334575.0,1807.42357851367,86.842,55.2548806941432
Chile,2005,55968.9,122294145162.835,16175311.0,1753.53055035542,86.783,53.8830881792546
Chile,2004,54972.1,99075985773.176,16017966.0,1717.53829418791,86.725,46.9008748633026
Chile,2003,50200.6,76492579644.0605,15859112.0,1628.92758434394,86.665,50.1569540242158
Chile,2002,49121.4,70264045939.1322,15693790.0,1629.15082972309,86.606,55.4509857800371
Chile,2001,48425.1,71574739561.4329,15523978.0,1590.91909303144,86.363,54.2615974230561
Chile,2000,50424.5,78339750721.7352,15351799.0,1639.40102394514,86.073,48.5478317281301
Chile,1999,54430.3,75578685735.5219,15176410.0,1649.13111862423,85.778,38.0307371711383
Chile,1998,52013.7,81990010703.843,14996742.0,1570.72669517152,85.477,48.1708862541891
Chile,1997,51285.2,85741415285.4035,14809289.0,1536.13188317143,85.172,62.134726852269
Chile,1996,44896.3,78584098982.9097,14615483.0,1390.03384287745,84.861,60.4529333289949
Chile,1995,38972.0,73444831671.0169,14416796.0,1272.24946513775,84.545,72.4051807185928
Chile,1994,35826.8,56998601183.5492,14210674.0,1201.16266125027,84.223,74.2651422241563
Chile,1993,32465.1,49287378599.1612,13998386.0,1134.13403516663,83.896,81.6647919010124
Chile,1992,30346.9,45949608551.8086,13782297.0,1123.96874047918,83.564,82.6946295219783
Chile,1991,29243.4,37846188228.2702,13561945.0,1056.26796156451,83.398,70.9733981263464
Chile,1990,30533.6,33137824762.0173,13342868.0,1049.95080517922,83.271,53.8373612018289
Colombia,2015,81017.2,293492370193.166,47119728.0,728.56503307654,79.764,68.236811220424
Colombia,2014,80091.0,381240864422.406,46677947.0,728.56503307654,79.415,74.0383106787808
Colombia,2013,77725.4,382093697077.685,46237930.0,727.846726702515,79.061,73.9986754585505
Colombia,2012,70223.2,370691143018.039,45782417.0,689.021202178994,78.701,79.5501941031153
Colombia,2011,69771.1,334966134804.887,45308899.0,689.747349632133,78.335,83.46528973035
Colombia,2010,64146.1,286498534094.963,44816108.0,696.239486034798,77.964,72.1206919763059
Colombia,2009,62670.6,232468663109.594,44313917.0,692.860191077218,77.587,72.8779156240704
Colombia,2008,60298.1,242504150472.931,43815313.0,675.96447388154,77.204,84.0108691765884
Colombia,2007,59709.9,206229540926.311,43306582.0,653.233612387142,76.816,81.533391279154
Colombia,2006,58193.0,161792958904.864,42772910.0,665.511745635263,76.423,80.6007625778852
Colombia,2005,58187.0,145600529605.803,42220940.0,641.475793764895,76.024,80.1696565150883
Colombia,2004,56608.9,117092416666.245,41648268.0,624.245166689765,75.62,81.650877933989
Colombia,2003,56716.0,94644969157.0987,41057687.0,626.768088518966,75.211,78.7885950022561
Colombia,2002,57373.0,97945812802.8882,40454050.0,623.028324728921,74.797,76.5041516806536
Colombia,2001,59588.3,98200641203.3892,39837875.0,645.300483522276,74.379,74.3381980571797
Colombia,2000,58995.5,99875074951.0278,39215135.0,658.25391140436,73.957,75.5246376811594
Colombia,1999,55922.1,86278947636.962,38585033.0,665.812129796546,73.53,79.8608192050815
Colombia,1998,65071.4,98486358581.1639,37944414.0,757.081213587855,73.098,69.7463082165846
Colombia,1997,64837.0,106656492293.614,37291946.0,735.583763850779,72.662,71.6444344804394
Colombia,1996,59253.3,97153389010.9466,36632573.0,771.764489488631,72.223,82.9920206632535
Colombia,1995,60043.3,92495970511.3951,35970101.0,767.267542562641,71.777,76.4046259013016
Colombia,1994,57514.5,81705497616.5703,35295461.0,768.49620975343,71.328,78.4925982274385
Colombia,1993,56659.9,66474101301.1759,34614735.0,756.887319807591,70.874,73.2539744287974
Colombia,1992,53199.4,58394443377.5416,33939039.0,737.968125732729,70.415,68.6650072850899
Colombia,1991,51098.7,49637993948.8402,33272628.0,735.942589205758,69.949,75.6826169234928
Colombia,1990,49364.4,47844090709.9908,32601393.0,742.992945117407,69.481,76.3841901146959
Costa Rica,2015,7537.9,56441920821.0806,4895242.0,1012.68401052951,76.862,99.0011098779134
Costa Rica,2014,7832.3,52016408951.8225,4844288.0,1012.68401052951,75.941,89.7915239307037
Costa Rica,2013,7778.7,50949668840.8692,4791535.0,1010.72745998934,74.97,88.314606741573
Costa Rica,2012,7446.7,47231655431.1389,4736593.0,999.101674980308,73.946,91.8419500688028
Costa Rica,2011,7430.8,42762613699.9524,4679926.0,994.672565335435,72.868,91.2225386493084
Costa Rica,2010,7105.5,37658614803.848,4622252.0,1005.15874080427,71.736,93.3110716894501
Costa Rica,2009,7198.5,30745714312.9905,4563127.0,999.512834071899,70.575,95.15574650913
Costa Rica,2008,7515.3,30801744881.9502,4501921.0,1018.64426319342,69.39,92.8541270846527
Costa Rica,2007,7602.5,26884700344.8406,4440019.0,1015.41277188228,68.174,92.0220994475138
Costa Rica,2006,6557.0,22715540324.6944,4378172.0,955.354426459262,66.935,93.8714499252616
Costa Rica,2005,6273.9,20040642476.9817,4315887.0,895.697917948269,65.672,96.7191283292978
Costa Rica,2004,5943.6,18610594846.2083,4252800.0,909.284706546275,64.388,99.1965916007304
Costa Rica,2003,5798.9,17271760506.9483,4188610.0,779.293846884766,63.08,97.8934657185026
Costa Rica,2002,5523.2,16578820687.2881,4122623.0,737.688602620225,61.753,98.3787375415282
Costa Rica,2001,5422.7,15976174336.9721,4053222.0,713.19878358501,60.41,98.5174203113417
Costa Rica,2000,4946.8,15013629658.6521,3979193.0,722.152456540811,59.052,99.1472756178639
Costa Rica,1999,5034.0,14254866281.1537,3901430.0,673.794736801634,58.157,97.8471997410165
Costa Rica,1998,5015.3,13684255946.5765,3821421.0,623.81480606298,57.264,91.8529466100129
Costa Rica,1997,4493.9,12614602382.2012,3739421.0,641.182418347653,56.367,96.9524148993049
Costa Rica,1996,4526.9,11678424507.2457,3656234.0,647.544440536355,55.467,90.7122032486464
Costa Rica,1995,4809.8,11578594259.8675,3572856.0,659.848591714863,54.561,82.7494365908625
Costa Rica,1994,4850.5,10486787008.0926,3489152.0,662.147134891229,53.653,90.1465798045603
Costa Rica,1993,4180.9,9582868487.43217,3405372.0,688.600834211358,52.743,89.9226384364821
Costa Rica,1992,4148.5,8564041916.15275,3321939.0,691.794762035064,51.832,82.8379478827361
Costa Rica,1991,3061.6,7196276092.461,3239414.0,549.446288742347,50.917,94.8757763975155
Costa Rica,1990,2871.2,5711687786.75989,3158253.0,531.126860324363,50.003,97.520184544406
Czechia,2015,101167.5,188033050459.881,10546059.0,3860.00296414044,73.477,11.4045705432362
Czechia,2014,99960.6,209358834156.329,10525347.0,3915.11358247856,73.384,10.7784149666259
Czechia,2013,102910.3,211685616592.931,10514272.0,3989.99141357576,73.29,10.8234117756488
Czechia,2012,107320.2,208857719320.649,10510785.0,4054.08501838826,73.197,9.30358646625215
Czechia,2011,111220.1,229562733398.948,10496088.0,4077.35605875256,73.185,8.35253987277588
Czechia,2010,114167.6,209069940963.177,10474410.0,4237.89674072334,73.255,6.91813578394599
Czechia,2009,113246.1,207434296805.33,10443936.0,4034.7435104926,73.324,5.70119560956488
Czechia,2008,118718.3,236816485762.988,10384603.0,4330.7126907018,73.394,4.47926045981151
Czechia,2007,124432.8,190183800884.018,10298828.0,4468.96035160506,73.463,3.88541998997311
Czechia,2006,122553.6,156264095664.643,10238905.0,4491.51613380532,73.533,4.2078083534559
Czechia,2005,121893.6,137143471328.274,10211216.0,4400.87811285159,73.602,3.8227288816199
Czechia,2004,123786.0,119814434353.575,10197101.0,4460.25993073914,73.671,3.27127342164936
Czechia,2003,123372.9,100090467581.268,10193998.0,4357.57266187417,73.74,2.26888523956723
Czechia,2002,120209.9,82196001050.7474,10196916.0,4163.45010589476,73.809,3.94499638134088
Czechia,2001,124341.3,67808032979.5429,10216605.0,4111.15248167077,73.877,3.47145512837783
Czechia,2000,124716.7,61828166496.0941,10255063.0,3988.03849376645,73.988,3.1325863038499
Czechia,1999,112359.9,65173130995.2212,10283860.0,3782.88920697092,74.12,3.67524431490516
Czechia,1998,119767.3,66807429711.411,10294373.0,4057.40582743602,74.251,3.06851943550384
Czechia,1997,126005.8,62180159376.1239,10304131.0,4184.88468362834,74.382,3.41498357132846
Czechia,1996,128483.7,67387788632.9812,10315241.0,4152.93825902856,74.513,3.54261003086662
Czechia,1995,124519.0,60147174076.8651,10327253.0,4019.8048793808,74.643,3.97358646306232
Czechia,1994,125199.7,47850203856.1751,10333587.0,3963.3140941282,74.772,3.05023206425868
Czechia,1993,130982.2,40866748705.1075,10329855.0,4089.40851541479,74.901,2.60851774815017
Czechia,1992,136842.4,34805013229.572,10319123.0,4222.41657551713,75.03,2.37397768257785
Czechia,1991,139757.1,29859921158.8696,10308578.0,4349.23623801459,75.158,1.80603005074795
Czechia,1990,153149.3,40728950704.6176,10333355.0,4796.94145802598,75.22,1.86443127619598
Denmark,2015,33704.9,302673070846.857,5683483.0,2816.61456539942,87.526,65.5059246208588
Denmark,2014,35820.0,352993631617.708,5643475.0,2872.57354732678,87.41,55.9004474272931
Denmark,2013,39960.7,343584391647.927,5614932.0,3125.3377601011,87.292,45.9603373341393
Denmark,2012,38216.2,327148943812.137,5591572.0,3091.58158027832,87.142,48.32741604508
Denmark,2011,43098.0,344003137611.271,5570572.0,3230.18803095984,86.957,40.2537682023333
Denmark,2010,48124.8,321995279401.502,5547683.0,3510.79684978396,86.795,31.9823992589162
Denmark,2009,47933.6,321241303699.006,5523095.0,3329.21106734539,86.654,27.6585218371217
Denmark,2008,50127.7,353361038818.383,5493621.0,3501.51384669601,86.487,27.5726458378851
Denmark,2007,53411.4,319423424509.066,5461438.0,3622.59683255582,86.293,26.2107030216706
Denmark,2006,58134.0,282884947702.966,5437272.0,3728.17103871206,86.098,20.1727653416939
Denmark,2005,50201.9,264467336457.17,5419432.0,3487.63191419322,85.856,27.0705733046405
Denmark,2004,53727.6,251373002954.382,5404523.0,3597.17296049994,85.566,23.5557424077555
Denmark,2003,59234.0,218096033517.009,5390574.0,3727.83417869785,85.36,17.4901485298575
Denmark,2002,53839.7,178635163717.431,5375931.0,3535.09801372079,85.25,17.2805253646244
Denmark,2001,54245.4,164791442543.375,5358783.0,3583.95572278258,85.15,15.4947122902807
Denmark,2000,52602.0,164158739097.623,5339616.0,3489.61479626999,85.1,15.4550245471944
Denmark,1999,56728.5,177965188354.692,5321799.0,3602.67063825597,85.086,11.2512846865365
Denmark,1998,59710.3,176991934992.837,5304219.0,3772.11027674385,85.06,9.54685865784545
Denmark,1997,63617.3,173537647058.824,5284991.0,3848.15584359557,85.033,6.60950016924292
Denmark,1996,73375.1,187632346387.983,5263074.0,4170.25202381726,85.006,3.88003433989026
Denmark,1995,60038.4,185006881515.065,5233373.0,3706.44018685463,84.979,5.03563850046248
Denmark,1994,63171.5,156162386724.523,5206180.0,3760.57723705289,84.952,4.29543102173592
Denmark,1993,59301.1,143195627014.605,5188628.0,3645.51534625338,84.925,4.73008771413434
Denmark,1992,56970.3,152915654478.885,5171370.0,3561.89036947656,84.898,4.39846444140803
Denmark,1991,62700.3,139224688814.195,5154298.0,3734.81839816014,84.871,2.89232453139964
Denmark,1990,51978.0,138247285815.855,5140939.0,3376.78330748527,84.843,3.17527519051651
Estonia,2015,14377.1,22890762090.1508,1315407.0,4173.32658257102,68.416,14.4187386003648
Estonia,2014,17594.9,26634083965.0987,1314545.0,4592.61645664469,68.269,11.1602121163426
Estonia,2013,18846.5,25115753366.1114,1317997.0,4623.27911216793,68.122,9.19020715630885
Estonia,2012,16989.0,23019150071.1867,1322696.0,4174.38776559391,67.974,12.3422745884516
Estonia,2011,18502.6,23213994093.4631,1327439.0,4237.72919132254,67.965,9.1444970138835
Estonia,2010,18500.4,19523477325.6235,1331475.0,4222.7371899585,68.094,8.05307004011108
Estonia,2009,14047.9,19633031397.6104,1334515.0,3648.97884250083,68.223,6.16243307893838
Estonia,2008,17481.5,24341678628.9732,1337090.0,4105.41773553014,68.351,1.86182780455534
Estonia,2007,19765.8,22449129482.617,1340680.0,4243.64799952263,68.479,1.18949958982773
Estonia,2006,16090.0,17022870405.2189,1346810.0,3775.03508289959,68.607,1.33579942457871
Estonia,2005,16807.7,14106790200.2239,1354775.0,3846.3929434777,68.735,1.08770210681039
Estonia,2004,16755.0,12145911801.2422,1362550.0,3893.39547172581,68.862,0.582298136645963
Estonia,2003,16682.0,9874013098.46432,1370720.0,3798.03825726625,68.989,0.482330938084457
Estonia,2002,14795.1,7367975887.72723,1379350.0,3415.78062130714,69.116,0.351823619092295
Estonia,2001,15231.7,6254649538.98487,1388115.0,3541.51205051455,69.242,0.212189084050454
Estonia,2000,14932.5,5686579747.53524,1396985.0,3374.70838985386,69.368,0.211441325032304
Estonia,1999,15487.3,5756912265.75809,1390244.0,3462.76696752513,69.543,0.19351717464925
Estonia,1998,16427.8,5674080542.88575,1386156.0,3695.1706734307,69.733,0.187771388334702
Estonia,1997,17858.5,5154420649.23354,1399535.0,4010.91576845166,69.923,0.119331742243437
Estonia,1996,17480.0,4786018988.16491,1415594.0,4043.28995460563,70.111,0.0768977260243876
Estonia,1995,16498.1,4502970889.06373,1436634.0,3624.43113555714,70.3,0.0920280685609111
Estonia,1994,18685.7,4123011419.74174,1462514.0,3752.3873275743,70.487,0.0327797202797203
Estonia,1993,18332.1,4013091682.2914,1494128.0,3639.26919246544,70.674,0.0109685203466052
Estonia,1992,23010.6,4013091682.2914,1533091.0,4283.1586644237,70.86,0.00845237089003465
Estonia,1991,31869.2,4013091682.2914,1561314.0,5841.39064915834,71.046,0.0
Estonia,1990,34544.9,4013091682.2914,1569174.0,6232.73199785365,71.231,0.0
Finland,2015,42815.4,234534382384.766,5479531.0,5924.70012488295,85.225,44.49903056985
Finland,2014,46161.7,274862826772.156,5461512.0,6213.35776612777,85.175,38.5804916732752
Finland,2013,50191.3,271362405890.589,5438972.0,6116.22729442255,85.125,35.966992716505
Finland,2012,49408.1,258290060227.734,5413971.0,6275.77096367897,84.841,40.5618440300521
Finland,2011,55123.4,275604356167.316,5388272.0,6537.63729819133,84.313,32.890708969946
Finland,2010,62526.4,249424310816.667,5363352.0,6828.78375314542,83.77,29.9910751915115
Finland,2009,54180.9,253497520828.515,5338871.0,6268.30054519017,83.429,30.1086458810307
Finland,2008,56660.1,285716311136.719,5313399.0,6669.1733483595,83.299,35.8779316045046
Finland,2007,65102.7,256378067752.158,5288720.0,6974.89676140919,83.168,29.9378423287587
Finland,2006,67024.9,217089269791.764,5266268.0,7111.856821567,83.037,27.2937117309748
Finland,2005,55460.2,204885494686.381,5246096.0,6562.02231144836,82.905,33.2492703522144
Finland,2004,67682.9,197479443979.151,5228172.0,7134.85420908111,82.772,29.8573009493855
Finland,2003,71708.1,171652458349.411,5213014.0,7077.0266490748,82.638,22.6086853402272
Finland,2002,63439.7,140404460203.138,5200598.0,6728.58140544607,82.503,26.4558735241145
Finland,2001,61088.1,129533107311.811,5188008.0,6410.62523419393,82.368,28.9275837070053
Finland,2000,55097.5,126019543413.334,5176209.0,6262.19207918382,82.183,33.4100262947296
Finland,1999,56509.9,135264083658.688,5165474.0,6283.95825823535,81.946,30.512403357473
Finland,1998,57265.6,134038718291.055,5153498.0,6319.32660107756,81.707,34.7855829663517
Finland,1997,60624.0,126912152101.707,5139835.0,6276.95169202902,81.466,29.1300451023476
Finland,1996,62574.4,132129174216.93,5124573.0,6070.21209376859,81.223,25.6021795222925
Finland,1995,56092.5,134189814814.815,5107790.0,5661.9038762361,80.963,30.5223705785898
Finland,1994,59927.6,103299943084.804,5088333.0,5972.55427268616,80.688,27.8222181591016
Finland,1993,53461.8,89214114708.0254,5066447.0,5617.21537795619,80.409,31.8259958414512
Finland,1992,52280.5,112532519246.084,5041992.0,5380.99306781923,80.128,34.7509744478129
Finland,1991,55132.7,127773856785.767,5013740.0,5742.78422893888,79.843,31.3817128272342
Finland,1990,54562.8,141438345513.917,4986431.0,5691.57118588425,79.367,29.4517902789782
France,2015,311175.4,2439188643162.5,66548272.0,3692.01783331053,79.655,15.8576666299907
France,2014,306017.4,2855964488590.19,66312067.0,3659.08779468449,79.394,16.4559049430271
France,2013,338453.1,2811876903329.03,66002289.0,3833.32493210955,79.135,17.045286239218
France,2012,338315.4,2683671716967.19,65662240.0,3836.51454778271,78.878,14.8273540719154
France,2011,335031.9,2865157541994.17,65345233.0,3846.92831380676,78.622,11.5747472478095
France,2010,347940.1,2645187882116.67,65030575.0,4016.65844104869,78.369,13.8573593131131
France,2009,343882.5,2700887366932.03,64710879.0,3913.22547171705,78.117,13.1271635670849
France,2008,358211.2,2930303780828.12,64379696.0,4110.28480159335,77.868,12.9792089338645
France,2007,363052.2,2660591246211.77,64021737.0,4115.17303880712,77.621,11.6909263128767
France,2006,371741.0,2320536221304.7,63628261.0,4188.38999858883,77.377,10.9475758299498
France,2005,380816.1,2196945232435.8,63188395.0,4286.54380286127,77.13,9.86064669736174
France,2004,377948.5,2119633181634.37,62716306.0,4300.95453963759,76.883,11.2429885178738
France,2003,376838.7,1844544792036.86,62256970.0,4270.12047004536,76.632,11.2300179517866
France,2002,371167.2,1501409382971.38,61816234.0,4224.71831590388,76.38,11.5972761591677
France,2001,376860.3,1377657339291.34,61367388.0,4245.31594859472,76.127,14.2563718855793
France,2000,373235.8,1365639660792.16,60921384.0,4134.87457868652,75.871,12.9678764686538
France,1999,375003.6,1493151737698.46,60504420.0,4123.00136089231,75.614,14.4667396980644
France,1998,381182.3,1503108739159.44,60192790.0,4151.17873751989,75.417,12.7678574948843
France,1997,359140.5,1452884917959.09,59969944.0,4048.88862327435,75.25,13.2645341583911
France,1996,367959.6,1605675086549.56,59756533.0,4191.68300811561,75.082,13.4486212585435
France,1995,352283.1,1601094756209.75,59543659.0,3981.23482804441,74.912,15.3611250791428
France,1994,344475.4,1393982750472.59,59327585.0,3836.08693999596,74.743,17.0581951271932
France,1993,349524.6,1322815612694.0,59106166.0,4001.9422846679,74.572,14.238354192661
France,1992,368655.7,1401465923172.24,58849943.0,3954.08879155584,74.401,15.4539782744326
France,1991,380691.3,1269276828275.78,58557577.0,4043.21874520184,74.229,13.2201978689672
France,1990,356297.9,1269179616913.63,58044701.0,3859.28383023284,74.056,13.3698786430456
Germany,2015,742314.4,3357585719351.56,81686611.0,3817.54941455461,77.2,29.2317701223308
Germany,2014,736011.7,3889093051023.52,80982500.0,3779.46192078536,77.19,26.1300965691114
Germany,2013,776151.8,3733804649549.03,80645605.0,3939.52956270835,77.18,24.0725497476084
Germany,2012,760127.7,3527143188785.16,80425823.0,3876.94810409338,77.17,23.0004585405584
Germany,2011,746477.3,3749314991050.59,80274983.0,3869.81622904859,77.16,20.3832827208232
Germany,2010,773069.1,3399667820000.01,81776930.0,3997.07942080976,76.966,16.7270736678142
Germany,2009,734805.5,3411261212652.34,81902307.0,3790.50115157318,76.771,16.0785536793646
Germany,2008,789690.4,3745264093617.19,82110097.0,4036.83078099396,76.575,14.6992338976639
Germany,2007,783803.0,3425578382921.58,82266372.0,3985.81195485319,76.378,13.9380080579109
Germany,2006,814413.1,2994703642023.53,82376451.0,4204.65468948158,76.179,11.3220131113963
Germany,2005,802383.2,2846864211175.1,82469422.0,4086.50340728713,75.98,10.1502111075024
Germany,2004,821073.6,2814353869359.08,82516260.0,4114.38992751247,75.779,9.26747449292675
Germany,2003,836794.5,2501640388482.35,82534176.0,4084.50334562012,75.577,7.55297770223143
Germany,2002,833382.2,2078484517474.51,82488495.0,4108.40129887204,75.374,7.64270028215289
Germany,2001,847678.2,1945790973803.15,82349925.0,4209.79608663882,75.17,6.51244401824412
Germany,2000,830284.1,1947981991011.77,82211508.0,4094.0603595302,74.965,6.19853122329914
Germany,1999,833594.9,2194945278872.59,82100243.0,4079.93334441166,74.758,5.19722375553122
Germany,1998,865253.7,2238990774702.68,82047195.0,4177.29412931179,74.551,4.5081692690654
Germany,1997,872646.5,2211989623279.95,82034771.0,4203.35736659763,74.342,4.20830968721431
Germany,1996,904337.4,2497244606186.64,81914831.0,4246.55319132624,74.133,4.82139711743973
Germany,1995,874659.4,2585792275146.72,81678051.0,4119.68894801371,73.922,4.86698923076346
Germany,1994,875897.1,2205074123177.05,81438348.0,4088.79812984419,73.71,4.46168638912425
Germany,1993,887057.0,2071323790370.28,81156363.0,4122.69573982757,73.497,3.92737044175262
Germany,1992,892817.4,2131571696931.75,80624598.0,4190.98422047326,73.36,3.69796429267415
Germany,1991,932548.1,1868945197407.19,80013896.0,4302.89117530285,73.269,3.16875254280307
Germany,1990,955307.7,1771671206875.68,79433029.0,4421.36453086788,73.118,3.48635077147813
Greece,2015,68010.2,195683527003.375,10820883.0,2182.07109345882,78.046,28.6557832580757
Greece,2014,69548.7,235458133124.608,10892413.0,2123.89789112844,77.702,24.1880698408915
Greece,2013,72484.2,238907690051.13,10965211.0,2128.01066937973,77.355,25.1234373358546
Greece,2012,80085.3,242029307133.408,11045011.0,2403.23047211089,77.004,16.7036909052015
Greece,2011,84547.2,282995942006.557,11104899.0,2407.76273606811,76.649,13.7615764212803
Greece,2010,87578.5,297124961971.501,11121341.0,2482.11011603727,76.292,18.3415552495337
Greece,2009,94740.2,331308500253.274,11107017.0,2649.66120066261,75.932,13.3973876321734
Greece,2008,100405.6,355908689477.445,11077841.0,2745.49345851777,75.568,9.1397507629705
Greece,2007,104309.9,318902829550.733,11048473.0,2734.75583458456,75.199,7.32566854299884
Greece,2006,100702.8,273546728473.073,11020362.0,2742.62996079439,74.827,12.7602652087938
Greece,2005,101947.3,247875422204.414,10987314.0,2753.05120068472,74.452,10.7796119608932
Greece,2004,99844.6,240963562236.127,10955141.0,2711.46678988431,74.073,10.0624011698094
Greece,2003,100216.6,202370140236.265,10928070.0,2666.45363728453,73.689,10.1752871081945
Greece,2002,96596.2,154564203586.954,10902022.0,2597.7482892623,73.303,6.63082769487441
Greece,2001,96607.8,136309295225.34,10862132.0,2578.11210543197,72.913,5.52415404325872
Greece,2000,94460.6,130457756628.436,10805808.0,2506.6399477022,72.716,7.75666822648573
Greece,1999,87395.5,142588875293.749,10761698.0,2390.08286610533,72.597,9.62648041299727
Greece,1998,87127.2,144428172489.335,10720509.0,2389.79315254528,72.478,8.20051970550022
Greece,1997,83761.7,143157600149.757,10661259.0,2282.13703465979,72.358,9.05017093227386
Greece,1996,82753.7,145861612400.906,10608800.0,2206.10389487972,72.239,10.3416566456815
Greece,1995,82834.5,136878365936.167,10562153.0,2147.13647870846,72.119,8.62974890433182
Greece,1994,79730.8,116601801966.292,10512922.0,2138.25195316773,71.998,6.53029890294941
Greece,1993,78090.9,108809059155.767,10460415.0,2090.7623645907,71.878,6.10955240317802
Greece,1992,78176.9,116224672863.783,10399061.0,2129.89451643759,71.757,5.94224311618536
Greece,1991,75818.0,105143232379.884,10319927.0,2094.6215026521,71.635,8.67582463699186
Greece,1990,75619.4,97891092003.4394,10196792.0,2102.67768529553,71.467,5.09273903666427
Hungary,2015,43384.1,125174166987.372,9843028.0,2432.75179142028,70.5,10.5826906598115
Hungary,2014,40625.2,141033843265.669,9866468.0,2314.49643377954,70.227,10.6831790963527
Hungary,2013,40762.6,135684315697.713,9893082.0,2271.94720512779,69.953,9.20314253647587
Hungary,2012,43427.2,128814279315.132,9920362.0,2365.55369652841,69.678,7.6396708531832
Hungary,2011,46907.3,141942264554.475,9971727.0,2500.32135857711,69.358,7.51825425469891
Hungary,2010,47880.5,132175349953.713,10000023.0,2568.94899141732,68.911,8.08113242888871
Hungary,2009,47839.1,131069255620.567,10022650.0,2478.10169965029,68.46,8.06227024618469
Hungary,2008,53014.2,158325614580.628,10038188.0,2636.64677330211,67.943,5.88881948782011
Hungary,2007,53850.4,140186716681.425,10055780.0,2658.03637311079,67.421,4.71221221221221
Hungary,2006,55457.5,115715618613.052,10071370.0,2713.25708419014,66.895,4.16352937895647
Hungary,2005,55921.2,113211158292.936,10087065.0,2731.03970282733,66.365,5.22989148674348
Hungary,2004,56349.8,104120820258.669,10107146.0,2579.29172092696,65.896,2.77678889284443
Hungary,2003,58186.9,85285062818.0077,10129552.0,2580.20749584977,65.489,0.98403865866159
Hungary,2002,55599.9,67608919144.3684,10158608.0,2520.1524657709,65.081,0.655474735182676
Hungary,2001,56280.4,53749989092.0197,10187576.0,2512.67485022934,64.67,0.705753123712756
Hungary,2000,54633.3,47218405892.4258,10210971.0,2448.14033846536,64.575,0.690517461851041
Hungary,1999,57910.5,49073380173.7159,10237530.0,2490.71260352839,64.702,0.650243180376401
Hungary,1998,57353.3,48706787306.2574,10266570.0,2502.20404672641,64.829,0.578112395805324
Hungary,1997,56990.1,47296952928.7561,10290486.0,2527.30162598734,64.956,0.759951408311439
Hungary,1996,58454.9,46658755151.6017,10311238.0,2572.97436059569,65.083,0.7324023938444
Hungary,1995,57431.3,46425677734.1435,10328965.0,2503.0778011156,65.209,0.643776824034335
Hungary,1994,57784.3,43166678735.2183,10343355.0,2406.68835208692,65.335,0.614650156646278
Hungary,1993,58382.4,40124916940.5945,10357523.0,2481.44841194174,65.461,0.622816345131399
Hungary,1992,58001.9,38730585922.2189,10369341.0,2423.17944795142,65.587,0.643837778128452
Hungary,1991,64552.2,34753569692.915,10373400.0,2642.9225711917,65.713,0.727563995594567
Hungary,1990,67421.0,34365891768.6878,10373988.0,2774.4920275597,65.838,0.685750457166971
Iceland,2015,2057.5,17517210519.0912,330815.0,17478.8930368937,93.7,99.9787222724613
Iceland,2014,2047.5,17867662177.8911,327386.0,17916.1204205433,93.667,99.9834464492634
Iceland,2013,2031.8,16125060515.3117,323764.0,18178.139014838,93.633,99.9724000883197
Iceland,2012,1859.9,14751508133.5443,320716.0,17630.0714650968,93.6,99.9829050088324
Iceland,2011,1888.35,15221622925.9319,319014.0,18157.598099143,93.587,99.9883795247226
Iceland,2010,1959.124,13751161917.7398,318041.0,17023.1668244031,93.574,99.9882759833519
Iceland,2009,2108.0,13154414219.207,318499.0,16911.07978361,93.511,99.9881192824047
Iceland,2008,2182.63,18074622987.0185,317414.0,16353.8312739829,93.395,99.9878544968725
Iceland,2007,2382.97,21652505596.7528,311566.0,14746.0313384644,93.278,99.9749519913167
Iceland,2006,2311.85,17465318552.2941,303782.0,12734.0066231706,93.159,99.9597180261833
Iceland,2005,2261.25,16852963067.0496,296734.0,10524.8774997135,93.037,99.9424361040755
Iceland,2004,2309.99,13825302535.7699,292074.0,10524.2507035888,92.914,99.9536124318683
Iceland,2003,2226.41,11429333037.8443,289521.0,10731.3286428273,92.789,99.9294117647059
Iceland,2002,2243.77,9318395054.85934,287523.0,10804.6417156193,92.662,99.9287072243346
Iceland,2001,2163.29,8234846804.60582,284968.0,10589.466185677,92.532,99.9502054027138
Iceland,2000,2225.44,9025660361.75842,281205.0,11091.5488700414,92.401,99.934929724102
Iceland,1999,2115.39,8982047589.4895,277381.0,10038.3119247533,92.267,99.9304396215915
Iceland,1998,2153.38,8503693098.62271,274047.0,9036.65429652578,92.121,99.9203948415857
Iceland,1997,2153.97,7569672925.33739,271128.0,8584.10049865746,91.96,99.9283924095954
Iceland,1996,2266.72,7426082270.67669,268916.0,8847.78518198992,91.797,99.902400936951
Iceland,1995,2001.14,7123633418.19739,267468.0,8255.76891441219,91.63,99.8193133908854
Iceland,1994,2090.64,6389460342.78656,266021.0,8293.41292604719,91.46,99.8953974895397
Iceland,1993,1983.65,6218581531.64347,263725.0,8249.53644895251,91.287,99.8942246668077
Iceland,1992,1944.8,7080981738.05606,261057.0,7755.39441577893,91.112,99.8680158380994
Iceland,1991,1913.98,6909730288.17061,257797.0,8054.3567225375,90.932,99.8442367601246
Iceland,1990,1947.46,6468736355.55678,254826.0,8907.79198354956,90.75,99.8669623059867
Ireland,2015,37087.2,292364226871.756,4701957.0,2819.87585169324,62.538,27.9654080216378
Ireland,2014,35556.5,259681883575.706,4657740.0,2741.5748839566,62.34,24.7597644141352
Ireland,2013,35688.2,238112475390.796,4623816.0,2814.9826896226,62.141,22.0058651026393
Ireland,2012,37009.5,225118718207.156,4599533.0,2853.0648654983,61.942,19.365535536642
Ireland,2011,36488.1,239170638711.314,4580084.0,2865.37473985193,61.742,19.9639228390517
Ireland,2010,40347.7,221913560882.367,4560155.0,3152.00360514061,61.542,13.2311186825667
Ireland,2009,40583.3,236443115853.695,4535375.0,3149.5651406995,61.342,14.6934687745905
Ireland,2008,45911.3,275447471451.063,4489544.0,3293.88463505425,61.141,11.9967901564799
Ireland,2007,46604.8,270079279419.5,4398942.0,3416.03094562283,60.94,10.0333967752361
Ireland,2006,47263.3,232180617162.279,4273591.0,3424.16085207967,60.738,9.12745242661159
Ireland,2005,46650.5,211876989655.907,4159914.0,3503.64286377074,60.477,7.30898306407555
Ireland,2004,44687.6,194372115041.065,4070262.0,3558.0859413964,60.202,5.52845528455285
Ireland,2003,44086.8,164670771259.602,3996521.0,3515.09450344437,59.925,4.57745062547766
Ireland,2002,43929.8,128596035288.401,3931947.0,3661.32224061006,59.649,5.5629352332649
Ireland,2001,44815.3,109346669229.695,3866243.0,3713.51386863164,59.399,4.16937317310815
Ireland,2000,42533.5,100207610429.909,3805174.0,3626.74716057663,59.155,5.00570269927766
Ireland,1999,39973.3,98893958262.6438,3754786.0,3544.38761623166,58.91,5.16425453710085
Ireland,1998,38419.0,90199410115.5097,3712696.0,3417.56852702187,58.664,5.60398505603985
Ireland,1997,35972.5,82856648758.3572,3674171.0,3255.49845121525,58.419,4.10889329066992
Ireland,1996,34821.2,75790786290.3226,3637510.0,3122.33560869936,58.173,4.03276955602537
Ireland,1995,33448.2,69139823232.3232,3608841.0,2951.91309342806,57.949,4.14110429447853
Ireland,1994,32818.7,57097656065.96,3590386.0,2941.61324158461,57.731,5.57998573805562
Ireland,1993,31653.6,52417477613.676,3576261.0,2813.7104646445,57.512,4.83002043470184
Ireland,1992,31505.4,55918538121.3989,3558430.0,2775.21800344534,57.293,5.20912547528517
Ireland,1991,31466.7,49787501584.4847,3534235.0,2827.84449817287,57.073,4.99665103817816
Ireland,1990,30961.5,49305632408.4929,3513974.0,2820.41016808889,56.929,4.8984468339307
Israel,2015,66314.7,303414276832.04,8380100.0,2777.87532368349,92.179,1.89020023043627
Israel,2014,64717.8,314330061977.263,8215700.0,2762.50593376097,92.104,1.5144788120961
Israel,2013,67002.5,297732778479.129,8059500.0,2870.0987654321,92.031,0.931150321255015
Israel,2012,76063.2,262282344091.849,7910500.0,3067.74249415334,91.96,0.76821738647366
Israel,2011,69822.8,266791854430.897,7765800.0,2980.17615699606,91.892,0.504365019521105
Israel,2010,70520.3,238364092298.023,7623600.0,3042.43402067265,91.826,0.290146950896895
Israel,2009,65727.7,211970040942.96,7485600.0,2873.87610879555,91.763,0.179973821989529
Israel,2008,66708.0,220531065217.391,7308800.0,3129.12776379159,91.702,0.0561383811094348
Israel,2007,66597.9,184052121662.082,7180100.0,2898.15336833749,91.641,0.0446162998215348
Israel,2006,64331.0,158670456932.537,7053700.0,2882.39902462537,91.58,0.0494481585505756
Israel,2005,61012.4,147083996033.603,6930100.0,2661.44918543744,91.518,0.0802436113740175
Israel,2004,63159.9,139973148371.263,6809000.0,2821.99691584667,91.456,0.0824890543370207
Israel,2003,62925.5,131299915899.958,6689700.0,2949.30041705906,91.393,0.091409621394103
Israel,2002,61080.6,125060622862.932,6570000.0,2862.79573820396,91.33,0.0703296703296703
Israel,2001,57952.5,134635822098.58,6439000.0,2973.04270849511,91.267,0.0455052217241929
Israel,2000,56997.3,136035771711.672,6289000.0,2899.42661790428,91.203,0.0726659009399686
Israel,1999,52983.6,120922937410.923,6125000.0,2737.73665306122,91.139,0.0841514726507714
Israel,1998,51504.7,120056692192.311,5971000.0,2885.72651147211,91.074,0.0658674746410223
Israel,1997,50967.4,118859377862.817,5836000.0,2881.12834132968,91.009,0.0712250712250712
Israel,1996,48734.1,114505860826.519,5692000.0,2801.2083626142,90.943,0.0737757830991977
Israel,1995,46775.3,104892955202.072,5545000.0,2796.2515779982,90.866,0.0821692686935086
Israel,1994,43361.2,90220195074.0915,5399000.0,2738.39970364882,90.767,0.080917534477906
Israel,1993,40504.6,79398331244.7804,5261000.0,2634.6740163467,90.666,0.0999423409571401
Israel,1992,36857.3,79002421132.5652,5123000.0,2580.9693538942,90.565,0.115335666560611
Israel,1991,34523.6,70591957101.7603,4949000.0,2324.53930086886,90.463,0.0278888165845496
Israel,1990,33805.9,61661395508.9594,4660000.0,2460.46545064378,90.359,0.0143554407120299
Italy,2015,337862.1,1836637711060.55,60730582.0,2481.75464546017,69.565,38.6792251795342
Italy,2014,327498.0,2162009615996.54,60789140.0,2414.48400158318,69.272,43.3916063800716
Italy,2013,346458.3,2141924094298.56,60233948.0,2579.47254262663,68.979,38.905348564998
Italy,2012,376747.2,2086957656821.6,59539717.0,2709.29772810307,68.684,31.0203903154411
Italy,2011,396687.4,2294994296589.5,59379449.0,2828.40489139601,68.444,27.5947287192996
Italy,2010,405272.3,2136099955236.67,59277417.0,2930.58852412547,68.327,25.760359871876
Italy,2009,397057.1,2199928804118.63,59095365.0,2869.92071205584,68.209,24.0189363067266
Italy,2008,444984.5,2408655348718.59,58826731.0,3087.5663310273,68.092,18.5511933581478
Italy,2007,459371.1,2213102482751.46,58438310.0,3149.57655346296,67.974,15.4807249320295
Italy,2006,466654.5,1949551719389.64,58143979.0,3175.79987086883,67.856,16.456444939891
Italy,2005,473831.8,1858217147203.73,57969484.0,3214.67412061146,67.738,16.318218568926
Italy,2004,472404.8,1806542968545.56,57685327.0,3169.93264162306,67.62,18.2133837316627
Italy,2003,462197.8,1577621707050.51,57313203.0,3168.52902114021,67.501,16.3708004107895
Italy,2002,443473.1,1276769338449.3,57059007.0,3037.2669647055,67.382,17.408803309168
Italy,2001,436571.4,1168023426056.38,56974100.0,3020.62119454278,67.282,19.9886720560218
Italy,2000,436296.6,1146676894209.73,56942108.0,3012.19499987601,67.222,18.8481927532313
Italy,1999,433010.6,1252446659833.79,56916317.0,2957.31148591361,67.162,19.7932537463115
Italy,1998,426372.2,1270052525928.4,56906744.0,2912.94736525428,67.102,18.3225246890461
Italy,1997,415517.3,1241879604365.62,56890372.0,2834.4029460732,67.042,18.7430027096753
Italy,1996,412153.5,1312426527795.21,56860281.0,2796.15473585155,66.982,19.3080142691251
Italy,1995,416415.0,1174662070605.02,56844303.0,2799.37576154289,66.922,17.466001584065
Italy,1994,392285.5,1099216688280.5,56843400.0,2578.46597846012,66.862,21.0894465331818
Italy,1993,396927.9,1064958075550.63,56831821.0,2611.99043754026,66.802,20.5797629070058
Italy,1992,402274.3,1320161644933.23,56797087.0,2627.34000777188,66.742,20.5539188388093
Italy,1991,404074.1,1246220156079.29,56758521.0,2645.67323732766,66.706,20.846513373831
Italy,1990,405262.0,1181222653522.95,56719240.0,2583.88807748482,66.726,16.3760221818745
Japan,2015,1178349.1,4444930651964.18,127141000.0,3428.55721600428,91.381,15.9847807230219
Japan,2014,1217306.6,4896994405353.29,127276000.0,3470.76312894811,91.304,14.0593593575553
Japan,2013,1267376.2,5212328181166.18,127445000.0,3567.62935383891,91.226,12.2052917942741
Japan,2012,1254319.4,6272362996105.03,127629000.0,3537.3631698125,91.148,11.1942473822485
Japan,2011,1213775.6,6233147172341.35,127833000.0,3610.81216900174,91.069,11.4628446015564
Japan,2010,1157241.8,5759071769013.11,128070000.0,3893.26660420083,90.812,10.5317771633873
Japan,2009,1102386.2,5289493117993.89,128047000.0,3678.51113263099,89.989,9.14571650806042
Japan,2008,1158836.1,5106679115127.3,128063000.0,3858.43452050944,89.103,8.78932661054861
Japan,2007,1227990.8,4579750920354.81,128001000.0,4012.65424488871,88.146,8.20178689867738
Japan,2006,1193043.3,4601663122649.92,127854000.0,4053.88343735824,87.118,9.44909822599951
Japan,2005,1215474.4,4831467035389.8,127773000.0,4062.97904878182,85.978,8.40711373205297
Japan,2004,1207285.7,4893116005656.56,127761000.0,4078.21054155807,84.64,9.79582716934759
Japan,2003,1213929.5,4519561645253.53,127718000.0,3953.18450805681,83.196,10.0221095672445
Japan,2002,1206760.2,4182846045873.61,127445000.0,3991.97756679352,81.647,8.70870568322637
Japan,2001,1172339.5,4374711694090.87,127149000.0,4008.26803199396,79.99,8.96543807616427
Japan,2000,1184424.9,4968359075956.59,126843000.0,4083.83169745276,78.649,9.11604901056161
Japan,1999,1168954.7,4635982224063.88,126631000.0,4011.22477908253,78.523,9.22474326813322
Japan,1998,1130280.5,4098362709531.24,126400000.0,3955.62762658228,78.398,9.92994480181263
Japan,1997,1172604.1,4492448605638.94,126057000.0,4041.16767018095,78.272,9.85379465999294
Japan,1996,1184646.6,4923391533851.63,125757000.0,4008.4762359153,78.145,9.14620922863757
Japan,1995,1170985.4,5545563663889.7,125472000.0,3934.9595606988,78.016,9.41632318714325
Japan,1994,1160755.1,4998797547740.97,125178000.0,3844.28667976801,77.881,7.99302625314003
Japan,1993,1107586.8,4536940479038.25,124829000.0,3655.96684264073,77.746,11.4545277492387
Japan,1992,1115035.1,3980702922117.66,124425000.0,3644.19475989552,77.61,10.162887763094
Japan,1991,1103961.3,3648065760648.88,123964000.0,3574.00592914072,77.473,11.8567348664881
Japan,1990,1090508.1,3185904656663.85,123478000.0,3552.8585820956,77.339,11.2547375128502
"Korea, Rep.",2015,607827.1,1466038936206.43,51014947.0,5413.34785665856,81.634,1.89466631222848
"Korea, Rep.",2014,588088.6,1484488526271.8,50746659.0,5289.27583193211,81.707,1.56686805919401
"Korea, Rep.",2013,599601.4,1370632955321.2,50428893.0,5231.6754603358,81.779,1.63285870185595
"Korea, Rep.",2012,600316.3,1278046536287.01,50199853.0,5248.51989108414,81.851,1.33594507802273
"Korea, Rep.",2011,598480.8,1253289537500.81,49936638.0,5216.58780873474,81.923,1.43812265288346
"Korea, Rep.",2010,575215.7,1143672241149.72,49554112.0,5045.48774882698,81.936,1.24537463913126
"Korea, Rep.",2009,526639.5,943941876218.743,49307835.0,4649.76574209758,81.835,1.03769073406601
"Korea, Rep.",2008,514924.5,1047339010225.25,49054708.0,4629.77792060244,81.733,0.985727672457291
"Korea, Rep.",2007,503693.8,1172614086539.86,48683638.0,4564.98783020283,81.631,1.06995691527453
"Korea, Rep.",2006,487852.1,1053216909887.56,48438292.0,4412.52711800821,81.528,0.99883163049693
"Korea, Rep.",2005,481002.1,934901071332.984,48184561.0,4364.21909084115,81.345,1.04466914513476
"Korea, Rep.",2004,485909.6,793175561887.027,48082519.0,4332.6677414717,81.002,1.26318832989646
"Korea, Rep.",2003,463913.9,702714855193.904,47892330.0,4233.4873245883,80.652,1.49275476338249
"Korea, Rep.",2002,461000.1,627246933729.618,47644736.0,4170.47614661985,80.299,1.04122448484554
"Korea, Rep.",2001,456674.0,547656279894.587,47370164.0,4033.31896845449,79.94,1.37738284320544
"Korea, Rep.",2000,447237.3,576179387819.613,47008111.0,4002.67128368549,79.621,1.4248282650437
"Korea, Rep.",1999,401878.5,497514040642.262,46616677.0,3708.70521294343,79.384,1.80690673865431
"Korea, Rep.",1998,366567.2,383331833681.821,46286503.0,3377.63507431097,79.145,2.01000606287806
"Korea, Rep.",1997,431637.6,569755022973.035,45953580.0,3726.15776616316,78.905,1.30338474837246
"Korea, Rep.",1996,409990.3,610167053824.007,45524681.0,3454.85485115206,78.662,1.3968065941117
"Korea, Rep.",1995,385406.0,566581003128.204,45092991.0,3210.13203581905,78.239,1.66281143210463
"Korea, Rep.",1994,354277.1,463619823515.164,44641540.0,2958.40772966166,77.452,1.45211542741277
"Korea, Rep.",1993,327604.4,392665710525.411,44194628.0,2814.18823120312,76.645,2.95731813891705
"Korea, Rep.",1992,297049.9,355524903068.056,43747962.0,2534.34102827464,75.82,2.49107745731648
"Korea, Rep.",1991,274792.7,330647042837.334,43295704.0,2306.64347206365,74.972,3.07889276411637
"Korea, Rep.",1990,247675.8,283365844161.092,42869283.0,2167.33960770932,73.844,6.0377143616365
Latvia,2015,7315.9,27263090547.0617,1977527.0,2176.84330583785,67.98,50.1716970901862
Latvia,2014,7282.3,31386896487.0407,1993782.0,2176.84330583785,67.952,54.5419179148026
Latvia,2013,7452.4,30204783461.8488,2012647.0,2156.16200953272,67.925,56.9173779996779
Latvia,2012,7570.7,28169902669.3784,2034319.0,2170.58583240878,67.897,66.6288308740068
Latvia,2011,7897.3,27474380566.265,2059709.0,2066.63756870509,67.869,50.4922874958976
Latvia,2010,8518.1,23956163076.5575,2097555.0,2148.65355139675,67.841,54.8513656254716
Latvia,2009,7364.1,26410909090.9091,2141669.0,2055.82468626104,67.814,63.8534745914886
Latvia,2008,8105.9,35854274228.9139,2177322.0,2106.36368897205,67.834,60.902540766022
Latvia,2007,8531.8,31054350977.9784,2200325.0,2179.81389112972,67.9,59.2747851603437
Latvia,2006,8199.9,21570076498.6205,2218357.0,2113.71073276303,67.967,56.9617665099162
Latvia,2005,7715.0,17003459863.0989,2238799.0,2022.56433025028,68.0,69.5882592743579
Latvia,2004,7616.5,14435700533.368,2263122.0,1961.10461565925,67.9,68.1595222862017
Latvia,2003,7593.2,11771975156.8073,2287955.0,1889.95412934258,67.8,58.8176100628931
Latvia,2002,7352.2,9557031605.27512,2310173.0,1763.25755690158,67.85,62.5157232704402
Latvia,2001,7357.2,8362398701.58943,2337170.0,1759.16086549117,67.95,66.3317757009346
Latvia,2000,6929.57,7958852838.93395,2367550.0,1618.46001140419,68.067,68.2543520309478
Latvia,1999,7548.9,7533788133.55753,2390482.0,1663.91505980802,68.22,67.1289537712895
Latvia,1998,8132.5,7166275467.65161,2410019.0,1796.18085998492,68.451,74.4868035190616
Latvia,1997,8528.6,6527926445.6811,2432851.0,1821.35198579773,68.6,65.5792276964048
Latvia,1996,9009.4,5975248851.45482,2457222.0,1839.98352611201,68.65,59.532949456174
Latvia,1995,8996.82,5789128636.62293,2485056.0,1849.58528097556,68.75,73.8125157074642
Latvia,1994,10223.5,5789128636.62293,2520742.0,1893.9633647553,68.901,74.4369369369369
Latvia,1993,11757.31,5789128636.62293,2563290.0,2058.6496260665,68.799,73.2925586136595
Latvia,1992,13974.8,5789128636.62293,2614338.0,2335.40919345548,68.852,65.753781950965
Latvia,1991,17201.5,5789128636.62293,2650581.0,2791.67473093635,69.201,58.0262225372077
Latvia,1990,18777.4,5789128636.62293,2663151.0,2949.28413747474,69.25,67.6293622141998
Lithuania,2015,11067.4,41435533340.3883,2904910.0,2387.27519440779,67.23,39.4081728511038
Lithuania,2014,10862.9,48533659592.1728,2932367.0,2387.27519440779,67.108,40.7497303128371
Lithuania,2013,11331.1,46523420074.4372,2957689.0,2356.64500222978,66.986,36.2126245847176
Lithuania,2012,11925.8,42927454291.478,2987773.0,2468.99881617512,66.864,26.1205564142195
Lithuania,2011,11845.6,43535051482.3869,3028115.0,2412.48070169066,66.741,26.189354686764
Lithuania,2010,12603.0,37128694028.243,3097282.0,2275.76016649436,66.757,18.241890268322
Lithuania,2009,11692.1,37388122046.1496,3162916.0,2770.8323584945,66.842,4.67117393976644
Lithuania,2008,13066.4,47797551587.8823,3198231.0,2975.91199635048,66.848,4.51714564418099
Lithuania,2007,13209.6,39697891351.9431,3231294.0,2927.24122286613,66.777,4.31328878990349
Lithuania,2006,13019.7,30183575103.5262,3269909.0,2666.01333553931,66.706,3.60188788606442
Lithuania,2005,12829.2,26097677571.8373,3322528.0,2662.80073486213,66.635,3.19112036073535
Lithuania,2004,11915.0,22627507451.5648,3377075.0,2779.19590177891,66.646,2.28242320819113
Lithuania,2003,11232.7,18781721376.1985,3415213.0,2709.24975982464,66.737,1.7633312088379
Lithuania,2002,11223.2,14259781159.0119,3443067.0,2574.35333091107,66.828,2.0700821094021
Lithuania,2001,11155.5,12237388001.7264,3470818.0,2384.74273211675,66.919,2.28380448405515
Lithuania,2000,10515.9,11524776866.6379,3499536.0,2037.61955870721,66.986,3.05727902167071
Lithuania,1999,12247.2,10971583944.7561,3524238.0,2259.65641367013,67.046,3.17060126824051
Lithuania,1998,14706.6,11239547690.9797,3549331.0,2633.26187385736,67.106,2.43106162187372
Lithuania,1997,13924.1,10118631851.5322,3575137.0,2490.34764262181,67.166,2.0572699471782
Lithuania,1996,14239.8,8382519637.46224,3601613.0,2610.04194509516,67.225,2.00726556246537
Lithuania,1995,13745.8,7867140395.33705,3629102.0,2401.12016691733,67.285,2.75887573964497
Lithuania,1994,14819.2,7867140395.33705,3657144.0,2220.42036080614,67.345,4.633521271143
Lithuania,1993,15754.1,7867140395.33705,3682613.0,2472.21741736099,67.404,2.82043921343476
Lithuania,1992,19998.0,7867140395.33705,3700114.0,2978.4112057088,67.464,1.67673064481346
Lithuania,1991,34291.0,7867140395.33705,3704134.0,4601.70015447605,67.523,1.15110853795593
Lithuania,1990,32217.9,7867140395.33705,3697838.0,4344.1727301196,67.583,1.45748987854251
Luxembourg,2015,9133.4,60071584216.1375,569604.0,6548.40555894973,90.179,32.381667918858
Luxembourg,2014,9643.2,68804811897.6445,556319.0,6861.10666721791,89.884,20.9448818897638
Luxembourg,2013,10173.3,65203276466.9763,543360.0,7312.15400471142,89.574,20.0108166576528
Luxembourg,2012,10698.0,59776383527.3602,530946.0,7722.19020390021,89.249,11.1715632934349
Luxembourg,2011,10906.8,61696281326.2453,518347.0,8056.404300594,88.906,9.28301886792453
Luxembourg,2010,11029.1,56213985987.4168,506953.0,8329.47827510637,88.547,8.26625386996904
Luxembourg,2009,10442.9,54467289897.5582,497783.0,7951.72394396755,88.178,8.47081218274112
Luxembourg,2008,11022.5,58844277701.5258,488650.0,8612.2337051059,87.8,10.3815113719736
Luxembourg,2007,11114.4,51587401415.7872,479993.0,8773.89670266025,87.409,8.27866291783818
Luxembourg,2006,11717.2,42910146296.0646,472637.0,9170.532565161,87.009,6.97081326154718
Luxembourg,2005,11912.9,37672280120.4794,465158.0,9428.81128562768,86.598,6.30227001194743
Luxembourg,2004,11659.8,35064843792.8993,458095.0,9387.43710365754,86.177,5.76581904198699
Luxembourg,2003,10241.6,29667268248.1305,451630.0,8549.50291167549,85.743,5.01972032986734
Luxembourg,2002,9818.3,23649833332.1655,446175.0,8204.72684484788,85.299,5.34188034188034
Luxembourg,2001,9118.5,21387533703.2327,441525.0,7982.8503482249,84.843,19.3771626297578
Luxembourg,2000,8556.7,21230182989.3036,436300.0,7676.83703873481,84.216,40.9952606635071
Luxembourg,1999,7920.3,21899317598.8414,430475.0,7266.97253034439,83.448,33.8888888888889
Luxembourg,1998,7565.5,20150053345.1878,424700.0,7066.88485990111,82.893,39.0710382513661
Luxembourg,1997,8242.2,19563836265.2233,419450.0,7409.85099535105,82.779,25.3694581280788
Luxembourg,1996,8736.8,20895314657.9805,414225.0,7711.17870722433,82.825,17.0454545454545
Luxembourg,1995,8659.9,20853093869.7318,408625.0,7705.40715815234,82.893,21.9712525667351
Luxembourg,1994,10810.6,17701798890.7644,402925.0,8823.25246633989,82.482,17.5043327556326
Luxembourg,1993,11645.3,15925521222.0149,397475.0,9266.94257500472,81.857,12.220566318927
Luxembourg,1992,11435.5,15518702634.8808,392175.0,9262.08197870848,81.528,12.4242424242424
Luxembourg,1991,11753.4,13834219728.293,387000.0,9353.42118863049,81.13,13.9800285306705
Luxembourg,1990,11285.0,12778792853.6939,381850.0,8874.10501505827,80.947,13.3012820512821
Mexico,2015,471632.6,1213294467716.88,120149897.0,1559.11899782985,79.285,15.3941337927222
Mexico,2014,462240.1,1364507717614.13,118755887.0,1582.90662255758,78.993,17.5435163318916
Mexico,2013,475737.5,1327436290282.67,117290686.0,1637.79078758223,78.699,13.2995432622778
Mexico,2012,486454.2,1255110424817.79,115755909.0,1656.13800328759,78.405,13.7881312901168
Mexico,2011,478403.5,1229013703416.76,114150481.0,1608.55253864414,78.111,14.8888030097341
Mexico,2010,462869.5,1105424238731.09,112532401.0,1552.99883808575,77.815,16.6028518855907
Mexico,2009,448372.5,943437415024.633,111049428.0,1619.8900637291,77.52,12.9473322527395
Mexico,2008,459548.1,1161553459715.1,109684489.0,1637.979258854,77.222,17.5430258247777
Mexico,2007,457121.0,1102355554971.95,108302973.0,1675.9203830905,76.92,14.0904430169788
Mexico,2006,448302.8,1020265057882.01,106886790.0,1709.28606799774,76.616,15.3342487645557
Mexico,2005,432187.4,917571853529.104,105442402.0,1694.09392817133,76.308,15.1973138518471
Mexico,2004,414102.0,819459227375.022,103945813.0,1607.91689608508,75.997,14.4484243401253
Mexico,2003,404692.2,765549967703.273,102429341.0,1614.14210406762,75.682,12.1257149146759
Mexico,2002,386004.6,810666116505.478,100917081.0,1546.39649159095,75.365,15.0558378891124
Mexico,2001,378830.6,796064590656.176,99394288.0,1562.39611073023,75.045,17.1056320915192
Mexico,2000,379176.0,742061329643.37,97873442.0,1532.54088070184,74.722,19.8040598030874
Mexico,1999,355178.3,631249359702.389,96334810.0,1555.87706043122,74.441,20.9075244112579
Mexico,1998,365142.4,557461102630.658,94767284.0,1537.23984534578,74.186,17.5865587151132
Mexico,1997,342478.4,523449530464.257,93183094.0,1520.9568808694,73.929,19.9572519448574
Mexico,1996,322699.1,432157945024.428,91586555.0,1470.57007439574,73.67,24.6646923413511
Mexico,1995,306842.1,380157469866.849,89969572.0,1464.71123592763,73.368,23.6502285744312
Mexico,1994,326504.8,553618247900.74,88314424.0,1541.43208814904,72.985,19.0218240887372
Mexico,1993,300667.5,530160763983.506,86648447.0,1536.49057322401,72.598,25.3963574182041
Mexico,1992,291682.5,363157832923.734,84993164.0,1540.51185810661,72.209,25.6555575626204
Mexico,1991,287995.8,313139656145.745,83351595.0,1557.85858686927,71.816,22.3885820953566
Mexico,1990,269575.4,261253675692.838,81720428.0,1513.46318205773,71.419,24.6933190604038
Netherlands,2015,157376.0,765572770634.375,16939923.0,4233.04385740124,90.173,12.4420823112565
Netherlands,2014,149793.4,892167986713.722,16865008.0,4325.52371158081,89.69,11.3210466263126
Netherlands,2013,157090.2,877172824534.512,16804432.0,4600.18297553883,89.187,11.9751120547299
Netherlands,2012,157473.4,838923319919.531,16754962.0,4646.25524068631,88.588,12.1144649460783
Netherlands,2011,158768.0,905270626332.687,16693074.0,4636.70190403517,87.879,10.8122811789791
Netherlands,2010,171110.5,847380859016.668,16615394.0,5025.32091625393,87.134,9.38794332187474
Netherlands,2009,160488.3,871518638049.218,16530388.0,4722.10603889032,86.288,9.53109744834684
Netherlands,2008,165221.9,951869997864.062,16445593.0,4848.01368974655,85.402,8.86175989288902
Netherlands,2007,164550.6,848558887541.179,16381696.0,4908.89826059524,84.539,7.21057386012457
Netherlands,2006,163702.7,733955269898.823,16346101.0,4925.11241671638,83.636,8.1460645735736
Netherlands,2005,167926.0,685348181515.953,16319868.0,4989.46792952002,82.63,7.45088620009808
Netherlands,2004,172116.5,658380081545.175,16281779.0,5085.8857008193,81.514,5.24334578220404
Netherlands,2003,170362.8,580070360701.96,16225302.0,5020.38193187406,80.341,4.09221425767936
Netherlands,2002,167429.4,473861980070.981,16148929.0,4873.26162620444,79.113,4.1404027880518
Netherlands,2001,167116.1,431586852369.686,16046180.0,4839.46553011371,77.83,3.52540490908897
Netherlands,2000,162096.7,417479337444.707,15925513.0,4739.06592522326,76.795,3.31581707221832
Netherlands,1999,161446.1,447049523049.808,15812088.0,4730.22968250619,76.03,2.89091328413284
Netherlands,1998,166734.4,438008220395.468,15707209.0,4842.44393768492,75.25,2.55501289579103
Netherlands,1997,166310.9,416812740004.518,15610650.0,4835.74194540266,74.453,2.33117205829664
Netherlands,1996,173623.4,450490196078.431,15530498.0,5014.98883036462,73.64,2.12589115343643
Netherlands,1995,164106.4,452301674444.139,15459006.0,4780.41259573869,72.809,1.7309990513386
Netherlands,1994,159604.1,379130260322.073,15382838.0,4511.79496267204,71.962,1.57511863473024
Netherlands,1993,160137.2,353550169672.52,15290368.0,4510.5821521104,71.1,1.43469977578766
Netherlands,1992,156009.7,362962872180.451,15184166.0,4502.54008023885,70.223,1.28790918622261
Netherlands,1991,157266.8,327500327675.625,15069798.0,4603.73317545464,69.329,1.25699075069908
Netherlands,1990,151520.7,318330511920.61,14951510.0,4394.54208972873,68.684,1.11994219653179
New Zealand,2015,32281.2,178104220784.881,4609400.0,4431.51473076756,86.341,80.0814387512725
New Zealand,2014,31970.7,201337554959.49,4516500.0,4553.02690136167,86.281,79.2023905298242
New Zealand,2013,31885.5,190909855416.34,4442100.0,4360.30593638144,86.221,74.2581122307479
New Zealand,2012,32107.4,176210710655.208,4408100.0,4357.80971393571,86.161,71.8665281041027
New Zealand,2011,30290.6,168295307149.46,4384000.0,4177.02554744526,86.1,76.0402850527168
New Zealand,2010,31049.3,146517541181.254,4350700.0,4225.09458248098,86.16,73.1805629787992
New Zealand,2009,31169.7,121373602348.679,4302600.0,4073.23804211407,86.22,71.7073619773088
New Zealand,2008,34165.4,133131369930.414,4259800.0,4082.72336729424,86.28,64.2516704294087
New Zealand,2007,33270.5,137188946865.584,4223800.0,4054.49500449832,86.34,65.5749320046625
New Zealand,2006,34265.9,111538810712.665,4184600.0,4047.31802322803,86.4,64.4786936379065
New Zealand,2005,34232.2,114720129550.095,4133900.0,4095.14308522219,86.341,64.2361757587042
New Zealand,2004,32836.1,103905210084.034,4087500.0,4239.64574923547,86.281,72.061846038864
New Zealand,2003,33397.6,88250885550.2626,4027200.0,4197.59386174017,86.221,65.9955366996101
New Zealand,2002,31543.1,66627729311.4495,3948500.0,4337.38052424971,86.161,69.4774668340348
New Zealand,2001,31618.8,53872425916.6248,3880500.0,4407.61886354851,86.1,63.5550389164055
New Zealand,2000,29455.0,52623281956.7031,3857700.0,4430.22785597636,86.021,71.5010064463526
New Zealand,1999,28612.9,58762260625.8758,3835100.0,4307.93043206175,85.941,69.524288018616
New Zealand,1998,27180.8,56227169851.0448,3815000.0,4162.86920052425,85.861,75.6460704030629
New Zealand,1997,27689.0,66075143415.4952,3781300.0,4258.75677676989,85.781,70.0935083133472
New Zealand,1996,25412.8,70140835299.0148,3732000.0,4131.23633440514,85.7,79.0639651248869
New Zealand,1995,24325.8,63918703506.9075,3673400.0,4053.69058637774,85.553,83.8528090510787
New Zealand,1994,24225.9,55314732279.1379,3620000.0,4055.20055248619,85.404,82.052164930705
New Zealand,1993,23960.3,46775620817.4327,3572200.0,3967.87133979061,85.254,77.0240700218818
New Zealand,1992,24380.0,41649829859.6342,3531700.0,3808.47722060198,85.103,72.5877059646136
New Zealand,1991,22629.7,42745329732.163,3495100.0,3763.81448313353,84.95,77.1894521864488
New Zealand,1990,22310.7,45495129385.0475,3329800.0,3854.36602798967,84.742,80.0061986672865
Norway,2015,40288.8,388159512245.53,5188607.0,5817.63660265655,81.091,97.709870624366
Norway,2014,39643.0,501736471832.848,5137232.0,5595.65462490306,80.692,97.6555308512597
Norway,2013,39627.0,526014468085.106,5079623.0,6415.99071427151,80.286,97.7022692526755
Norway,2012,38770.1,512777309840.997,5018573.0,5906.14104846139,79.874,97.9549112135512
Norway,2011,39071.3,501360549669.404,4953088.0,5649.69772392495,79.455,96.4944211442589
Norway,2010,40116.4,431052143940.438,4889252.0,6934.5901990734,79.102,95.7326473977182
Norway,2009,37439.3,387976400617.019,4828726.0,6484.11858531629,78.815,96.5704425900335
Norway,2008,36872.8,464917553191.489,4768212.0,6752.7089818993,78.526,99.4029618193021
Norway,2007,37760.1,402643260487.572,4709153.0,5862.21726072608,78.234,99.134536264253
Norway,2006,37210.6,346915160681.708,4660677.0,5833.77393455929,77.95,99.3161307353451
Norway,2005,36366.4,309978579743.888,4623291.0,5802.71629019242,77.675,99.4717476046486
Norway,2004,37354.8,265268662473.297,4591910.0,5769.32670718721,77.399,99.350631658296
Norway,2003,37186.8,229385469337.024,4564855.0,5933.21584146703,77.084,99.3990756452203
Norway,2002,34381.0,195914852576.467,4538159.0,5501.11774400148,76.733,99.5830773955774
Norway,2001,34735.2,174239354070.977,4513751.0,5954.04177146679,76.378,99.5203046312857
Norway,2000,34283.1,171457201935.968,4490967.0,5826.07776899719,76.02,99.7151097108293
Norway,1999,39702.4,162383706021.13,4461913.0,5913.30220916454,75.569,99.5608691030118
Norway,1998,37887.5,154230295158.447,4431464.0,5684.78859356637,75.027,99.6160816277452
Norway,1997,36543.5,161356631888.484,4405157.0,5475.18873901657,74.476,99.5773526164317
Norway,1996,34597.1,163520109150.671,4381336.0,5202.04727507774,74.062,99.4995128846778
Norway,1995,34389.2,152029612324.788,4359184.0,5391.41408116749,73.787,99.6621455800789
Norway,1994,34412.4,127131319428.701,4336613.0,5315.24486967133,73.453,99.6429938659046
Norway,1993,32428.6,120579213712.804,4311991.0,5459.62340830489,73.061,99.8037053742963
Norway,1992,30197.9,130838040067.584,4286401.0,5159.64861896962,72.665,99.8172689391352
Norway,1991,27325.3,121872464483.487,4261732.0,5105.10820483315,72.265,99.801018423885
Norway,1990,29305.4,119791843059.572,4241473.0,4966.8935768305,71.956,99.791959608917
Poland,2015,289077.4,477111287969.227,37986412.0,2490.20641907427,60.278,13.8023986710559
Poland,2014,285730.0,539080475073.719,38011735.0,2473.40688342692,60.403,12.5186110480228
Poland,2013,298304.4,515761954074.157,38040196.0,2565.67045553603,60.529,10.405311482606
Poland,2012,303351.4,495230523665.901,38063164.0,2566.57431316009,60.654,10.437756244164
Poland,2011,310593.6,524374183218.309,38063255.0,2653.40365662369,60.78,8.05367893181623
Poland,2010,313739.1,475696613935.595,38042794.0,2640.23891094855,60.892,6.93110275067
Poland,2009,297260.3,439731589139.212,38151603.0,2466.52404094266,61.004,5.74241832703595
Poland,2008,308325.3,533599779515.715,38125759.0,2564.77564158133,61.116,4.27121711589425
Poland,2007,313375.4,429020755432.721,38120560.0,2527.40841162879,61.229,3.4202354482524
Poland,2006,314093.0,344626667414.292,38141267.0,2536.97804532817,61.341,2.66912990470503
Poland,2005,301353.0,306145944824.93,38165445.0,2414.16178954549,61.452,2.47620028450235
Poland,2004,301854.0,255107252158.631,38182222.0,2383.05567968255,61.564,2.10226155358899
Poland,2003,297730.8,217828661056.935,38204570.0,2375.00613146542,61.676,1.49991000539968
Poland,2002,287320.3,199070448694.9,38230364.0,2314.20257991789,61.787,1.9417680124071
Poland,2001,293627.4,190905493539.168,38248076.0,2336.44583847825,61.761,1.93639064576506
Poland,2000,295774.4,172220451786.957,38258629.0,2320.37671815161,61.716,1.62878734965846
Poland,1999,308978.1,170030662134.734,38660271.0,2396.69212354978,61.672,1.67998800008571
Poland,1998,318414.1,174685791563.561,38663481.0,2459.83453998878,61.627,1.79937629199196
Poland,1997,344627.0,159358178533.659,38649660.0,2643.12353588621,61.583,1.512754106503
Poland,1996,355320.2,160193242090.427,38624370.0,2680.10207027325,61.538,1.46181849087072
Poland,1995,340003.8,142293781028.568,38594998.0,2577.52968402797,61.493,1.42656995665562
Poland,1994,339752.2,110803635287.621,38542652.0,2496.17270757601,61.449,1.33839482647381
Poland,1993,344016.4,96043157272.862,38461408.0,2624.64884280888,61.404,1.17545284149978
Poland,1992,343368.4,94337050693.2727,38363667.0,2569.17533456851,61.359,1.23807264685852
Poland,1991,351624.9,85500935934.9901,38246193.0,2641.02944834274,61.315,1.13615815803749
Poland,1990,350214.6,65977748210.5263,38110782.0,2705.60874347842,61.27,1.09511587248447
Portugal,2015,49851.9,199394066525.44,10358076.0,2131.68188764014,63.514,47.526374290673
Portugal,2014,45931.1,229901964221.884,10401062.0,2034.51262957571,62.936,60.7401990030601
Portugal,2013,46555.2,226433858005.714,10457295.0,2057.86133029622,62.352,58.3191514623818
Portugal,2012,48220.3,216224240577.957,10514844.0,2039.01189594444,61.763,42.500438827453
Portugal,2011,49867.9,245117990242.248,10557560.0,2163.98211329133,61.167,46.4751002158495
Portugal,2010,50937.3,238113003233.284,10573100.0,2222.62969233243,60.567,52.8077331396323
Portugal,2009,56299.6,244667762835.543,10568247.0,2304.02667537956,59.964,36.9649569540439
Portugal,2008,56844.4,263416394624.084,10558177.0,2337.27138690704,59.359,32.197910940077
Portugal,2007,58797.6,240496147317.381,10542964.0,2402.42639546147,58.749,34.5829068577277
Portugal,2006,60448.0,208756449275.848,10522288.0,2390.32461381023,58.137,32.3657773386034
Portugal,2005,65473.8,197253876704.921,10503330.0,2519.0049251047,57.522,17.8834329263012
Portugal,2004,62128.8,189382122532.169,10483861.0,2462.98505865349,56.907,27.4700515314431
Portugal,2003,60523.6,165226175536.793,10458821.0,2400.7659180705,56.287,38.0537821628942
Portugal,2002,65604.9,134795565549.419,10419631.0,2477.48974987694,55.666,21.3209200438116
Portugal,2001,61383.6,121604107164.997,10362722.0,2391.22819274704,55.044,34.0950441864495
Portugal,2000,61661.2,118605192877.388,10289898.0,2390.09793877451,54.399,29.6689108180393
Portugal,1999,62207.6,127470385557.184,10217828.0,2390.49473136561,53.743,20.091345481661
Portugal,1998,55600.6,123946327916.296,10160196.0,2240.06731759899,53.086,36.3610661320585
Portugal,1997,50931.6,117016535162.95,10108977.0,2083.48767634945,52.428,41.6793624750967
Portugal,1996,48742.5,122630089680.27,10063945.0,1986.83697098901,51.77,45.8610570357672
Portugal,1995,50693.2,118122007430.012,10026176.0,2014.02049993936,51.109,28.3007482500603
Portugal,1994,47302.9,99688641304.3478,9991525.0,1827.69667293031,50.449,37.1449543626731
Portugal,1993,45792.8,95009751901.2592,9964675.0,1786.45194148329,49.789,30.4549854791868
Portugal,1992,46774.0,107592098307.098,9952494.0,1813.88584610048,49.13,18.5700300442224
Portugal,1991,42767.7,89233599278.4792,9960235.0,1703.31643781497,48.469,33.123654467169
Portugal,1990,41068.6,78713860216.5659,9983218.0,1680.96239108472,47.915,34.7152635664385
Slovak Republic,2015,30753.7,88900883130.8374,5423801.0,3003.66421998152,53.889,22.6794833283268
Slovak Republic,2014,30438.1,101437045019.901,5418649.0,2943.18916025009,54.0,22.9445999705319
Slovak Republic,2013,32920.4,98935222174.8603,5413393.0,3130.92657414675,54.14,22.2802833695728
Slovak Republic,2012,32347.1,94623731085.6106,5407579.0,3080.72503425285,54.28,19.3236373905676
Slovak Republic,2011,34116.9,99922685424.8835,5398384.0,3213.94976718959,54.42,17.6718042986425
Slovak Republic,2010,35432.2,91162836320.3502,5391428.0,3306.80554391156,54.685,21.6283134284882
Slovak Republic,2009,33908.9,89399303222.155,5386406.0,3106.68616513497,54.96,18.9474902581118
Slovak Republic,2008,37097.2,100879902984.983,5379233.0,3405.69296775209,55.111,15.86578581363
Slovak Republic,2007,37190.3,86563986799.2505,5374622.0,3320.45472221116,55.261,17.6896601175964
Slovak Republic,2006,37873.3,70767338922.4411,5373054.0,3469.29139368411,55.412,15.369108188538
Slovak Republic,2005,38518.3,62808723476.719,5372807.0,3504.475593484,55.563,14.9145190099515
Slovak Republic,2004,37430.5,57437444469.087,5372280.0,3416.24785007483,55.713,13.5456336178595
Slovak Republic,2003,38331.2,46919965224.1497,5373374.0,3468.78367297716,55.863,11.5568321177306
Slovak Republic,2002,38065.4,35297794385.6863,5376912.0,3483.8675061076,56.013,16.8260275673662
Slovak Republic,2001,38577.0,30778781606.9575,5378867.0,3456.70547347611,56.163,15.9498995479658
Slovak Republic,2000,38072.2,29242558796.5507,5388720.0,3292.60900547811,56.233,14.9847392687837
Slovak Republic,1999,40660.1,30463670123.5931,5396020.0,3271.41393100841,56.294,15.918875644903
Slovak Republic,1998,41403.5,29856000671.216,5390516.0,3256.50253148307,56.355,16.5824654127157
Slovak Republic,1997,42273.5,27706028095.6157,5383291.0,3361.88402224587,56.416,16.2216101864048
Slovak Republic,1996,42174.1,27925036755.3866,5373361.0,3364.25879444914,56.476,16.6064272805846
Slovak Republic,1995,42370.6,25840146405.2288,5361999.0,3315.0479886326,56.537,18.4652641138187
Slovak Republic,1994,41702.0,20162936291.375,5346331.0,3260.63182395553,56.598,17.1066069604839
Slovak Republic,1993,44319.9,16520676973.5301,5325305.0,3334.79434511263,56.659,14.4193977707536
Slovak Republic,1992,46096.2,15495514296.8042,5305016.0,3410.72788470384,56.719,8.33763774104683
Slovak Republic,1991,47938.2,14272201755.4704,5303294.0,3606.58243725503,56.78,5.80355302749268
Slovak Republic,1990,54811.8,12747380650.0762,5299187.0,4024.66906716068,56.491,7.37341648037024
Slovenia,2015,13139.7,43107506024.3254,2063531.0,3174.87258490422,53.781,29.3919146925828
Slovenia,2014,13112.7,49997186439.0916,2061980.0,3236.23604496649,53.557,38.5189069509992
Slovenia,2013,14548.1,48415657264.8758,2059953.0,3330.99007598717,53.332,32.323360111329
Slovenia,2012,15123.6,46577793184.0031,2057159.0,3424.04014468498,53.108,27.8428093645485
Slovenia,2011,15700.8,51583869785.1849,2052843.0,3567.98303620881,52.883,24.3795161797047
Slovenia,2010,15777.2,48208240226.4501,2048583.0,3579.07246130618,52.658,29.2156259612427
Slovenia,2009,15509.2,50567734885.9613,2039669.0,3496.22953528244,52.433,29.9152594037676
Slovenia,2008,17360.1,55779427739.6609,2021316.0,3836.62178501531,52.209,26.2698945057625
Slovenia,2007,16283.4,48067401207.3978,2018122.0,3632.56532558488,51.983,22.462274812205
Slovenia,2006,16293.7,39481045038.2637,2006868.0,3648.98289274631,51.758,24.4988422097254
Slovenia,2005,15916.5,36206395970.6504,2000474.0,3645.83743652754,51.533,23.6488721307138
Slovenia,2004,15699.6,34414784504.2352,1997012.0,3571.1948651285,51.308,27.6013358653657
Slovenia,2003,15413.0,29634713641.0968,1995733.0,3463.52493043909,51.082,22.2793053545586
Slovenia,2002,15524.6,23489890274.3142,1994530.0,3424.45287862303,50.857,23.3867653103165
Slovenia,2001,15380.1,20876309970.385,1992060.0,3381.11201469835,50.78,26.7385593806166
Slovenia,2000,14541.7,20289627636.6767,1988925.0,3224.3795014895,50.754,28.6553141514974
Slovenia,1999,14910.0,22711384311.1404,1983045.0,3242.4861765618,50.728,28.4421655858845
Slovenia,1998,15503.1,22146231967.6861,1981629.0,3253.80886129543,50.701,25.1238344988345
Slovenia,1997,15725.6,20763101740.6963,1985956.0,3310.40063324666,50.675,23.4669095324833
Slovenia,1996,15290.0,21507232648.7252,1988628.0,3180.2061521813,50.649,28.1305047101172
Slovenia,1995,14470.0,21352224019.4096,1989872.0,3049.38659371055,50.622,25.1839231781925
Slovenia,1994,13606.0,16389101593.5269,1989443.0,2827.91716073293,50.596,26.3590538968592
Slovenia,1993,13556.2,14439020929.0232,1991746.0,2715.3899141758,50.569,25.4059936380378
Slovenia,1992,12825.4,14267106463.693,1996498.0,2584.33517088422,50.543,27.7300712896954
Slovenia,1991,12737.4,14444213919.8623,1999429.0,2778.95039033644,50.517,28.3113622096673
Slovenia,1990,13528.8,19817923035.8432,1998161.0,2857.56453058587,50.39,23.7062037929926
Spain,2015,257251.2,1196156971279.69,46444832.0,2571.34096211178,79.602,34.949890565603
Spain,2014,241979.9,1371820537888.62,46480882.0,2464.6412905848,79.366,40.1052558838185
Spain,2013,243794.9,1355579535912.55,46620045.0,2512.10591924568,79.133,39.5835776084137
Spain,2012,270280.4,1324750738725.0,46773055.0,2683.36793480776,78.902,29.5847480115125
Spain,2011,275470.1,1480710495710.12,46742697.0,2689.68433721315,78.673,30.0216442049442
Spain,2010,274140.6,1422108199783.34,46576897.0,2742.87718222191,78.442,32.7755430410298
Spain,2009,288131.2,1491472923706.64,46362946.0,2757.69141158545,78.21,25.3812498072766
Spain,2008,324274.2,1631863493552.34,45954106.0,3026.33840815008,77.976,19.9830856202046
Spain,2007,354683.1,1474002579820.0,45226803.0,3180.03341956317,77.74,19.3093006536597
Spain,2006,341776.3,1260398977831.76,44397319.0,3194.08124621219,77.502,17.6428199281418
Spain,2005,350499.8,1153715822717.51,43653155.0,3251.39713269293,77.263,14.6013923197844
Spain,2004,335560.3,1069055675273.75,42921895.0,3238.50244729409,77.022,18.1346962971531
Spain,2003,318657.7,907491523174.116,42187645.0,3157.22726404851,76.778,21.67904458772
Spain,2002,312753.3,708756677088.629,41431558.0,3107.86734112195,76.533,13.8306164215124
Spain,2001,294786.8,627830029412.205,40850412.0,3060.88180946621,76.343,21.1535738650259
Spain,2000,293314.3,598363313494.903,40567864.0,3003.76167204662,76.262,15.6137261736096
Spain,1999,278300.5,634907542858.302,40386875.0,2877.98241384113,76.181,13.2668082026069
Spain,1998,256215.5,619214834614.099,40223509.0,2756.21890670951,76.1,19.0736948787954
Spain,1997,248603.1,590077272727.273,40057389.0,2634.64912802979,76.019,19.5461730823116
Spain,1996,230113.2,642588992512.807,39889852.0,2489.34042171929,75.938,23.7908459031523
Spain,1995,240567.3,614609020549.773,39724050.0,2537.0726801522,75.856,14.7201623227614
Spain,1994,228452.7,530562634455.347,39549108.0,2436.01236214986,75.774,18.0606829001504
Spain,1993,218079.8,525075636030.854,39361262.0,2318.98298890925,75.692,16.1632537522758
Spain,1992,232369.6,630916018202.503,39157685.0,2430.37452290655,75.61,12.509253350351
Spain,1991,222099.7,577166174539.632,38966376.0,2397.71417285508,75.528,17.9703907618143
Spain,1990,214950.6,536558591250.408,38867322.0,2317.47677393364,75.351,17.2162480324855
Sweden,2015,39120.1,505103781349.757,9799186.0,5102.78557831232,86.553,63.2627477135323
Sweden,2014,38993.0,581964017237.095,9696110.0,4966.43592120964,86.247,55.8376857652682
Sweden,2013,40388.1,586841821796.891,9600379.0,5146.53358997598,85.936,54.0334964811051
Sweden,2012,41996.6,552483727282.802,9519374.0,5269.48599771372,85.62,59.0677497656757
Sweden,2011,44452.0,574094112972.733,9449213.0,5274.6436131771,85.297,55.9446004765264
Sweden,2010,47985.5,495812558843.31,9378126.0,5427.92504600599,85.056,55.3017647851273
Sweden,2009,42760.7,436537014293.554,9298515.0,4883.20048954053,84.902,58.4199584199584
Sweden,2008,46023.3,517706149201.196,9219637.0,5379.9591025113,84.746,54.309045058508
Sweden,2007,47054.3,491252589217.021,9148092.0,5472.13539172977,84.588,52.0269044435336
Sweden,2006,48734.9,423093437423.762,9080505.0,5529.07795326361,84.43,49.6007984031936
Sweden,2005,50082.6,392218088878.779,9029572.0,5711.12728266633,84.319,51.2941622201875
Sweden,2004,53593.3,385118044877.465,8993531.0,5847.3441632658,84.258,44.9493317861452
Sweden,2003,55202.7,334337212322.076,8958229.0,5650.43804975291,84.196,43.3826516668021
Sweden,2002,54023.7,266849061835.659,8924958.0,5802.110105168,84.133,48.4969325153374
Sweden,2001,52497.3,242395852494.409,8895960.0,5680.28048687269,84.071,51.5616200996318
Sweden,2000,53277.5,262835454366.855,8872109.0,5360.14514699943,84.026,57.2467310698129
Sweden,1999,57264.9,274072182416.731,8857874.0,5661.49145946307,83.998,48.2743254239915
Sweden,1998,58363.4,270809066780.714,8850974.0,5769.69506406865,83.97,49.1828881989533
Sweden,1997,57381.6,268146144677.73,8846062.0,5672.00817719794,83.942,48.2775491602214
Sweden,1996,63647.4,291743811512.079,8840998.0,5825.09791315415,83.914,38.4015871774268
Sweden,1995,58230.9,267305875261.099,8826939.0,5702.16504271753,83.824,47.5787798480036
Sweden,1994,58488.8,229033566614.826,8780745.0,5660.27142343844,83.671,43.0287316047652
Sweden,1993,56504.9,212953336588.123,8718561.0,5334.16649834761,83.516,52.9243289018018
Sweden,1992,56745.9,284321115594.629,8668067.0,5369.37035673582,83.361,52.333214559807
Sweden,1991,54236.3,274229034311.699,8617375.0,5650.54137715952,83.204,44.300877730149
Sweden,1990,53346.2,261846194498.885,8558835.0,5514.55753031809,83.1,51.0001096010522
Switzerland,2015,39090.8,694118186379.628,8282396.0,2960.07338939119,73.718,62.1979817540887
Switzerland,2014,39793.3,726537808338.0,8188649.0,3059.93674902905,73.696,58.0154631822202
Switzerland,2013,43531.2,706234937370.968,8089346.0,3304.11543776221,73.674,59.1938300349243
Switzerland,2012,42516.6,686420221557.99,7996861.0,3202.83433712303,73.653,59.4746110948048
Switzerland,2011,41192.3,715888126682.396,7912398.0,3205.32827089841,73.631,54.0929907136497
Switzerland,2010,45207.8,598851028906.58,7824909.0,3347.6183556895,73.607,56.7295464179737
Switzerland,2009,43668.6,554212916092.271,7743831.0,3481.85284518735,73.581,55.5442232987866
Switzerland,2008,44962.5,567267767519.158,7647675.0,3499.79098222662,73.556,55.6790381287666
Switzerland,2007,43541.2,490740715594.802,7551117.0,3410.81988267431,73.53,54.9060040036725
Switzerland,2006,45479.3,441634672196.523,7483934.0,3619.15163869697,73.504,51.7268572164285
Switzerland,2005,45850.7,418284865884.998,7437115.0,3488.21834810945,73.478,55.8583813528526
Switzerland,2004,45283.9,403912891033.374,7389625.0,3530.5783446386,73.452,54.4132153761841
Switzerland,2003,44839.5,362075086507.76,7339001.0,3542.06560266172,73.427,54.7247706422018
Switzerland,2002,43573.3,309301422430.386,7284753.0,3553.74025721943,73.401,55.2203467501718
Switzerland,2001,45154.7,286582672434.226,7229854.0,3673.29257271309,73.375,59.3979565988348
Switzerland,2000,43708.8,279216033870.204,7184250.0,3480.59157184118,73.383,57.0004839392656
Switzerland,1999,44528.1,297873643323.126,7143991.0,3547.37289002744,73.438,59.3755915716512
Switzerland,1998,44247.3,303459014346.806,7110001.0,3557.99007623206,73.492,54.8568310220853
Switzerland,1997,42748.3,294788198856.198,7088906.0,3525.89130114012,73.546,56.0169054071493
Switzerland,1996,44006.0,340103959546.926,7071850.0,3473.20630386674,73.6,52.2088496204512
Switzerland,1995,43439.4,352835806342.495,7040687.0,3421.65104058737,73.654,57.4299575889988
Switzerland,1994,42593.0,301375055202.164,6993795.0,3494.44714922299,73.708,60.5732191990217
Switzerland,1993,43452.0,272237527070.926,6938265.0,3490.88655449165,73.762,59.5727900098587
Switzerland,1992,45702.6,279921425828.474,6875364.0,3613.28432938242,73.815,56.9093840032926
Switzerland,1991,45666.8,268901693863.319,6799978.0,3637.19412033392,73.869,57.1637015681035
Switzerland,1990,43326.5,265763573999.424,6715519.0,3627.6928112332,73.926,54.9825429153331
Turkiye,2015,353413.8,864313810469.009,78218479.0,1657.9258591822,73.611,31.9566205597766
Turkiye,2014,341671.5,938934609296.966,77181884.0,1574.73585381772,73.077,20.8871937546386
Turkiye,2013,319088.6,957799120008.32,76147624.0,1535.66771827313,72.531,28.8231717980962
Turkiye,2012,329797.8,880555885492.269,75175827.0,1572.62101020851,71.974,27.2305174199152
Turkiye,2011,318641.2,838785289694.35,74223629.0,1529.24270248225,71.402,25.3268408364684
Turkiye,2010,297814.0,776967266305.53,73142150.0,1458.23315284005,70.825,26.3777887201242
Turkiye,2009,288307.2,649289324627.732,72039206.0,1357.46823750389,70.241,19.5783627291953
Turkiye,2008,287205.0,770449132861.373,71051678.0,1389.28566894648,69.651,17.3477204689091
Turkiye,2007,288967.8,681321124295.914,70158112.0,1425.35886655559,69.053,19.031833700498
Turkiye,2006,261083.6,557076157773.479,69601333.0,1338.36816027647,68.45,25.2536883362923
Turkiye,2005,235003.0,506314717661.655,68704715.0,1225.70225347707,67.84,24.5424683247302
Turkiye,2004,224601.2,408865430220.331,67785075.0,1190.90866241573,67.225,30.7309984206824
Turkiye,2003,219158.6,314595572145.767,66867327.0,1164.6705871763,66.602,25.2943143098996
Turkiye,2002,208107.6,240249071871.106,65988663.0,1124.79175400174,65.974,26.2488408037094
Turkiye,2001,197771.1,201753123806.695,65072018.0,1079.39120621709,65.34,19.8378488490528
Turkiye,2000,216396.5,274294623164.043,64113547.0,1184.72475091731,64.741,24.9387617873553
Turkiye,1999,192651.4,256395932738.435,63185615.0,1115.01198492727,64.223,29.9828237718997
Turkiye,1998,193687.6,275941990764.18,62242204.0,1152.72879797123,63.703,38.334744465061
Turkiye,1997,193428.4,189878399894.643,61277426.0,1149.00629148489,63.179,38.9105096034696
Turkiye,1996,185337.7,181464408820.097,60293786.0,1109.92116169318,62.653,42.9413252935844
Turkiye,1995,168150.5,169319579016.25,59305490.0,1038.16014335266,62.123,41.5655037276659
Turkiye,1994,153823.1,130650447499.071,58310245.0,963.994217482708,61.59,39.2180896566693
Turkiye,1993,155579.5,180415757851.616,57296008.0,992.880935090626,61.055,46.1806308259267
Turkiye,1992,149797.2,159104772991.851,56302037.0,952.481346278821,60.518,39.6260877312821
Turkiye,1991,143796.1,151034731543.624,55321172.0,939.522015187965,59.976,37.8481558941672
Turkiye,1990,139197.9,150655500191.644,54324142.0,970.421530081414,59.203,40.3663347409763
United Kingdom,2015,401075.3,2927911140916.73,65116219.0,2764.51667133806,82.626,24.8400504227664
United Kingdom,2014,415609.0,3064708247921.43,64602298.0,2777.31098667728,82.365,19.2628536831965
United Kingdom,2013,453778.1,2784853502534.29,64128273.0,2987.7005887871,82.102,14.988480137732
United Kingdom,2012,467831.0,2707089726614.64,63700215.0,3042.85987103811,81.837,11.423960176561
United Kingdom,2011,445648.4,2663805834828.07,63258810.0,2972.15306452967,81.57,9.48905310077413
United Kingdom,2010,482646.2,2485482596184.71,62766365.0,3230.61598357655,81.302,6.81281342640788
United Kingdom,2009,466492.5,2412840006231.5,62276270.0,3145.58566208284,81.031,6.76680846273229
United Kingdom,2008,515335.6,2929411764705.88,61806995.0,3361.98051693016,80.757,5.67705220486968
United Kingdom,2007,530502.5,3090510204081.63,61322463.0,3441.64021918037,80.479,5.01029338042756
United Kingdom,2006,542060.8,2708441582336.71,60846820.0,3598.81040619707,80.199,4.60208931703226
United Kingdom,2005,540917.0,2543180000000.0,60401206.0,3686.35990480058,79.915,4.28348161223592
United Kingdom,2004,543075.9,2421525082387.4,59987905.0,3694.47859531017,79.629,3.61303216638809
United Kingdom,2003,543037.1,2054422857142.86,59647577.0,3731.60971819526,79.339,2.68494730240932
United Kingdom,2002,530785.9,1785729916067.15,59370479.0,3685.86948742657,79.047,2.89317333818692
United Kingdom,2001,545262.2,1649827263567.01,59119673.0,3784.92817441666,78.751,2.49733241275421
United Kingdom,2000,530888.2,1665534876683.31,58892514.0,3785.75312644999,78.651,2.66310517529215
United Kingdom,1999,522752.6,1687830448147.55,58682466.0,3784.07408782037,78.591,2.63271731690623
United Kingdom,1998,526000.6,1653694932096.72,58487141.0,3787.10845175352,78.532,2.39532069159381
United Kingdom,1997,524191.2,1560911918795.02,58316954.0,3760.71236505254,78.472,1.98923191477175
United Kingdom,1996,545478.1,1419645865834.63,58166950.0,3879.82278596351,78.413,1.62748022547114
United Kingdom,1995,526808.2,1344240176739.78,58019030.0,3728.96315226228,78.353,2.06653453196948
United Kingdom,1994,535183.2,1140489745944.29,57865745.0,3732.52111417558,78.293,2.13984198089987
United Kingdom,1993,541376.4,1061388722255.55,57718614.0,3713.18581904964,78.232,1.77762579080721
United Kingdom,1992,557885.6,1179659529659.53,57580402.0,3684.72453526809,78.172,2.00566157083539
United Kingdom,1991,570681.6,1142797178130.51,57424897.0,3707.95197072796,78.112,1.65643904503473
United Kingdom,1990,561774.5,1093169389204.55,57247586.0,3597.05162065698,78.14,1.82876744661768
United States,2015,4990703.7,18295019000000.0,320738994.0,6803.99660728499,81.671,13.2285932109672
United States,2014,5107208.6,17608138000000.0,318386329.0,6960.68399657951,81.483,12.9538270902926
United States,2013,5092097.2,16880683000000.0,316059947.0,6905.59863316056,81.299,12.6379191222813
United States,2012,4956053.0,16253970000000.0,313877662.0,6872.02728367462,81.119,12.0073970634651
United States,2011,5173591.2,15599732000000.0,311583481.0,7029.95460147645,80.944,12.2257135163932
United States,2010,5392109.4,15048971000000.0,309327143.0,7161.42655156518,80.772,10.1203551472397
United States,2009,5156424.9,14478067000000.0,306771529.0,7056.78365282718,80.606,10.2918450711157
United States,2008,5558378.9,14769862000000.0,304093966.0,7488.08192070473,80.438,9.00354134718557
United States,2007,5736319.3,14474228000000.0,301231207.0,7758.16598577052,80.269,8.36776393615508
United States,2006,5653081.0,13815583000000.0,298379912.0,7697.65253500041,80.099,9.24463118340514
United States,2005,5753493.2,13039197000000.0,295516599.0,7846.49968849973,79.928,8.57846553445898
United States,2004,5738286.0,12217196000000.0,292805298.0,7881.57864206405,79.757,8.63018553161945
United States,2003,5658992.0,11456450000000.0,290107933.0,7794.23553026383,79.583,8.88937612108964
United States,2002,5593024.4,10929108000000.0,287625193.0,7843.34484914192,79.409,8.6463611778167
United States,2001,5748261.8,10581929000000.0,284968955.0,7827.88632537183,79.234,6.78399231432694
United States,2000,5775807.2,10250952000000.0,282162411.0,8056.86384994775,79.057,8.20599694228722
United States,1999,5609017.3,9631172000000.0,279040000.0,7923.22389263188,78.742,9.06920058095258
United States,1998,5590536.3,9062817000000.0,275854000.0,7803.69760452993,78.377,9.60858498243135
United States,1997,5543349.4,8577552000000.0,272657000.0,7828.58109639584,78.008,10.9778281257659
United States,1996,5273486.3,8073122000000.0,269394000.0,7844.46826581141,77.636,11.5814500482575
United States,1995,5117036.9,7639749000000.0,266278000.0,7763.75510556636,77.257,10.801084989942
United States,1994,5066803.0,7287236000000.0,263126000.0,7757.83082249569,76.875,9.74723552434506
United States,1993,4995209.5,6858559000000.0,259919000.0,7709.49658932206,76.488,10.4843256121149
United States,1992,4879626.1,6520327000000.0,256514000.0,7677.40140109312,76.097,9.91611011689915
United States,1991,4807496.5,6158129000000.0,252981000.0,7631.46780588265,75.701,10.7574142290523
United States,1990,4844517.4,5963144000000.0,249623000.0,7671.7730657832,75.3,11.5286468488794
